solver,score,time_s,valid,landmarks_visited,total_duration,optimality_gap_pct,error,instance,group,n_landmarks,time_budget,run_id
Greedy-Ratio,160.0,0.013452499988488853,True,8,1162.02775637732,50.0,,c101,Solomon-100,100,1236,0
Greedy-Score,230.0,0.019643699983134866,True,7,1228.5687760398168,28.12,,c101,Solomon-100,100,1236,0
SA-Boltzmann,230.0,0.14321290000225417,True,7,1228.5687760398168,28.12,,c101,Solomon-100,100,1236,0
SA-Boltzmann,230.0,0.14778329999535345,True,7,1228.5687760398168,28.12,,c101,Solomon-100,100,1236,1
SA-Boltzmann,230.0,0.14803240000037476,True,7,1228.5687760398168,28.12,,c101,Solomon-100,100,1236,3
SA-Boltzmann,230.0,0.14577999999164604,True,7,1228.5687760398168,28.12,,c101,Solomon-100,100,1236,4
SA-Cauchy,260.0,0.15597399999387562,True,9,1162.02775637732,18.75,,c101,Solomon-100,100,1236,0
SA-Boltzmann,230.0,0.18158170001697727,True,7,1228.5687760398168,28.12,,c101,Solomon-100,100,1236,2
SA-Cauchy,240.0,0.151210899988655,True,10,1139.4848220743497,25.0,,c101,Solomon-100,100,1236,1
SA-Cauchy,240.0,0.16025799998897128,True,9,1228.5687760398168,25.0,,c101,Solomon-100,100,1236,3
SA-Cauchy,270.0,0.16750609999871813,True,10,1228.5687760398168,15.62,,c101,Solomon-100,100,1236,2
SA-Cauchy,270.0,0.1603832999826409,True,8,1102.8113883008418,15.62,,c101,Solomon-100,100,1236,4
Tabu,270.0,1.0355191999988165,True,7,935.6155281280883,15.62,,c101,Solomon-100,100,1236,0
Tabu,270.0,1.136014299991075,True,7,935.6155281280883,15.62,,c101,Solomon-100,100,1236,2
Tabu,270.0,1.0445028999820352,True,7,935.6155281280883,15.62,,c101,Solomon-100,100,1236,4
Tabu,270.0,1.06383279999136,True,7,935.6155281280883,15.62,,c101,Solomon-100,100,1236,3
Tabu,270.0,1.1845864000206348,True,7,935.6155281280883,15.62,,c101,Solomon-100,100,1236,1
Genetic-Tailored,310.0,6.6042718999960925,True,10,1154.091570569841,3.12,,c101,Solomon-100,100,1236,2
GRASP,310.0,8.418485600006534,True,9,1154.091570569841,3.12,,c101,Solomon-100,100,1236,3
Genetic-Tailored,310.0,8.277028200012865,True,10,1165.177205037372,3.12,,c101,Solomon-100,100,1236,0
GRASP,310.0,8.88445040001534,True,9,1154.091570569841,3.12,,c101,Solomon-100,100,1236,4
Greedy-Score,300.0,0.016289899998810142,True,9,1235.6444508367174,16.67,,c102,Solomon-100,100,1236,0
GRASP,310.0,8.906305499986047,True,9,1154.091570569841,3.12,,c101,Solomon-100,100,1236,1
Greedy-Ratio,180.0,0.010805800004163757,True,8,1159.7027129975631,50.0,,c102,Solomon-100,100,1236,0
GRASP,310.0,9.167363599990495,True,9,1154.091570569841,3.12,,c101,Solomon-100,100,1236,0
GRASP,310.0,9.291568099986762,True,9,1154.091570569841,3.12,,c101,Solomon-100,100,1236,2
Genetic-Tailored,310.0,8.404639699991094,True,9,1154.091570569841,3.12,,c101,Solomon-100,100,1236,4
Genetic-Tailored,300.0,8.579979700007243,True,10,1154.091570569841,6.25,,c101,Solomon-100,100,1236,3
Genetic-Tailored,320.0,9.70490620000055,True,10,1154.091570569841,0.0,,c101,Solomon-100,100,1236,1
SA-Boltzmann,300.0,0.15169659999082796,True,9,1235.6444508367174,16.67,,c102,Solomon-100,100,1236,0
SA-Boltzmann,300.0,0.11227910002344288,True,9,1235.6444508367174,16.67,,c102,Solomon-100,100,1236,1
SA-Boltzmann,300.0,0.18012309999903664,True,9,1235.6444508367174,16.67,,c102,Solomon-100,100,1236,2
SA-Boltzmann,300.0,0.12746009998954833,True,9,1235.6444508367174,16.67,,c102,Solomon-100,100,1236,3
SA-Boltzmann,300.0,0.14881340001011267,True,9,1235.6444508367174,16.67,,c102,Solomon-100,100,1236,4
SA-Cauchy,310.0,0.1514352000085637,True,10,1221.5262483505,13.89,,c102,Solomon-100,100,1236,0
SA-Cauchy,310.0,0.11201599999913014,True,10,1235.6444508367174,13.89,,c102,Solomon-100,100,1236,2
SA-Cauchy,300.0,0.16591560002416372,True,9,1235.6444508367174,16.67,,c102,Solomon-100,100,1236,1
SA-Cauchy,300.0,0.10100220001186244,True,9,1235.6444508367174,16.67,,c102,Solomon-100,100,1236,3
SA-Cauchy,310.0,0.1794475000060629,True,10,1235.6444508367174,13.89,,c102,Solomon-100,100,1236,4
Tabu,310.0,1.1025263000046834,True,9,1235.0338800223512,13.89,,c102,Solomon-100,100,1236,0
Tabu,310.0,1.2025197000184562,True,9,1220.9217582752638,13.89,,c102,Solomon-100,100,1236,1
Tabu,320.0,1.1089024000102654,True,10,1232.3336979387557,11.11,,c102,Solomon-100,100,1236,2
Tabu,350.0,1.2049145000055432,True,10,1231.8910131008465,2.78,,c102,Solomon-100,100,1236,3
Tabu,290.0,1.0807724999904167,True,9,1235.3102817972206,19.44,,c102,Solomon-100,100,1236,4
Genetic-Tailored,360.0,10.280843399988953,True,11,1219.6018855161656,0.0,,c102,Solomon-100,100,1236,0
GRASP,360.0,18.610645900014788,True,11,1212.2420737950777,0.0,,c102,Solomon-100,100,1236,0
GRASP,360.0,19.19901650000247,True,11,1223.740202639675,0.0,,c102,Solomon-100,100,1236,1
GRASP,360.0,19.05726619999041,True,11,1210.4148696690443,0.0,,c102,Solomon-100,100,1236,2
GRASP,360.0,19.004500299983192,True,11,1220.571304560358,0.0,,c102,Solomon-100,100,1236,4
GRASP,360.0,20.109379900008207,True,11,1213.8338097316687,0.0,,c102,Solomon-100,100,1236,3
Genetic-Tailored,350.0,12.64677359999041,True,10,1232.1474220927364,2.78,,c102,Solomon-100,100,1236,2
Genetic-Tailored,350.0,9.376748700015014,True,10,1232.1474220927364,2.78,,c102,Solomon-100,100,1236,3
Genetic-Score,200.0,36.99323240001104,True,9,1234.464159893069,37.5,,c101,Solomon-100,100,1236,0
Greedy-Score,310.0,0.010401100007584319,True,8,1184.9732737557338,22.5,,c103,Solomon-100,100,1236,0
Greedy-Ratio,240.0,0.00987939999322407,True,9,1169.075804065706,40.0,,c103,Solomon-100,100,1236,0
Genetic-Tailored,360.0,26.119177299988223,True,11,1210.6534327612935,0.0,,c102,Solomon-100,100,1236,1
Genetic-Tailored,360.0,13.400330199976452,True,11,1222.429274070113,0.0,,c102,Solomon-100,100,1236,4
Genetic-Score,190.0,41.25995700000203,True,9,1234.969169229841,40.62,,c101,Solomon-100,100,1236,1
Genetic-Score,220.0,37.63567630000762,True,10,1234.9783631940354,31.25,,c101,Solomon-100,100,1236,3
Genetic-Score,220.0,42.28142039998784,True,10,1234.9783631940354,31.25,,c101,Solomon-100,100,1236,4
SA-Boltzmann,320.0,0.11726949998410419,True,9,1184.9732737557338,20.0,,c103,Solomon-100,100,1236,0
SA-Boltzmann,310.0,0.09919470001477748,True,8,1184.9732737557338,22.5,,c103,Solomon-100,100,1236,1
SA-Boltzmann,310.0,0.0928692999877967,True,8,1184.9732737557338,22.5,,c103,Solomon-100,100,1236,2
SA-Boltzmann,310.0,0.0992755000188481,True,8,1184.9732737557338,22.5,,c103,Solomon-100,100,1236,3
SA-Boltzmann,320.0,0.1090769000002183,True,9,1195.1801818664799,20.0,,c103,Solomon-100,100,1236,4
SA-Cauchy,340.0,0.12514809999265708,True,10,1225.6141148081226,15.0,,c103,Solomon-100,100,1236,0
SA-Cauchy,310.0,0.08616549998987466,True,8,1184.9732737557338,22.5,,c103,Solomon-100,100,1236,1
SA-Cauchy,340.0,0.11913760000606999,True,10,1199.4786812941575,15.0,,c103,Solomon-100,100,1236,2
SA-Cauchy,330.0,0.10413369999150746,True,10,1226.5927064821947,17.5,,c103,Solomon-100,100,1236,3
SA-Cauchy,330.0,0.10703640000429004,True,10,1230.6037546656244,17.5,,c103,Solomon-100,100,1236,4
Tabu,380.0,1.3047713999985717,True,10,1201.2258367465865,5.0,,c103,Solomon-100,100,1236,0
Tabu,400.0,1.3625871000112966,True,11,1228.8075935031266,0.0,,c103,Solomon-100,100,1236,1
GRASP,390.0,16.532056900003226,True,10,1229.555579291532,2.5,,c103,Solomon-100,100,1236,0
Tabu,370.0,1.1794124000007287,True,9,1210.2509670656343,7.5,,c103,Solomon-100,100,1236,2
Tabu,280.0,0.9994876999990083,True,7,1202.9605808197457,30.0,,c103,Solomon-100,100,1236,3
GRASP,390.0,16.401622700010194,True,10,1229.555579291532,2.5,,c103,Solomon-100,100,1236,1
Tabu,280.0,1.0147493999975268,True,7,1174.5578437900758,30.0,,c103,Solomon-100,100,1236,4
GRASP,390.0,16.820328900008462,True,10,1211.2003706045173,2.5,,c103,Solomon-100,100,1236,2
GRASP,390.0,16.78040570000303,True,10,1211.2003706045173,2.5,,c103,Solomon-100,100,1236,3
GRASP,390.0,17.353747199987993,True,10,1229.555579291532,2.5,,c103,Solomon-100,100,1236,4
Genetic-Score,170.0,57.69415680001839,True,10,1234.8338991290198,46.88,,c101,Solomon-100,100,1236,2
Genetic-Tailored,380.0,9.436415300006047,True,10,1234.0282043239827,5.0,,c103,Solomon-100,100,1236,3
Genetic-Tailored,370.0,13.177000700001372,True,10,1200.055519226846,7.5,,c103,Solomon-100,100,1236,0
Genetic-Tailored,380.0,10.484744499990484,True,10,1174.8898051363428,5.0,,c103,Solomon-100,100,1236,4
Genetic-Tailored,380.0,13.095350799994776,True,10,1219.488384312128,5.0,,c103,Solomon-100,100,1236,2
Greedy-Score,330.0,0.008370399998966604,True,8,1194.465834716179,21.43,,c104,Solomon-100,100,1236,0
Greedy-Ratio,250.0,0.009403000003658235,True,9,1157.5817179151109,40.48,,c104,Solomon-100,100,1236,0
Genetic-Tailored,390.0,14.296063799993135,True,10,1212.7038017179093,2.5,,c103,Solomon-100,100,1236,1
Genetic-Score,200.0,43.53570390000823,True,9,1235.4829399589757,44.44,,c102,Solomon-100,100,1236,1
Genetic-Score,190.0,52.59733079999569,True,10,1235.90132645631,47.22,,c102,Solomon-100,100,1236,3
Genetic-Score,190.0,54.22515439998824,True,10,1235.9476761851795,47.22,,c102,Solomon-100,100,1236,4
GRASP,410.0,20.66199290001532,True,11,1231.6204247330893,2.38,,c104,Solomon-100,100,1236,1
SA-Boltzmann,330.0,0.08653780000167899,True,8,1194.465834716179,21.43,,c104,Solomon-100,100,1236,0
GRASP,400.0,21.686793800006853,True,10,1191.274716484396,4.76,,c104,Solomon-100,100,1236,0
SA-Boltzmann,340.0,0.11234170000534505,True,9,1112.131332767671,19.05,,c104,Solomon-100,100,1236,1
SA-Boltzmann,330.0,0.11125370001536794,True,8,1194.465834716179,21.43,,c104,Solomon-100,100,1236,2
SA-Boltzmann,350.0,0.11348550001275726,True,9,1200.8958554744854,16.67,,c104,Solomon-100,100,1236,3
SA-Boltzmann,330.0,0.1067378000007011,True,8,1194.465834716179,21.43,,c104,Solomon-100,100,1236,4
SA-Cauchy,370.0,0.11327070000697859,True,10,1225.3410936815317,11.9,,c104,Solomon-100,100,1236,0
SA-Cauchy,350.0,0.10459619999164715,True,10,1190.890196807117,16.67,,c104,Solomon-100,100,1236,1
SA-Cauchy,340.0,0.10652300002402626,True,9,1194.465834716179,19.05,,c104,Solomon-100,100,1236,2
SA-Cauchy,330.0,0.10362249999889173,True,8,1194.465834716179,21.43,,c104,Solomon-100,100,1236,3
SA-Cauchy,360.0,0.10307579999789596,True,10,1216.6610356152157,14.29,,c104,Solomon-100,100,1236,4
GRASP,410.0,20.702410700003384,True,11,1231.952341357836,2.38,,c104,Solomon-100,100,1236,2
Tabu,400.0,1.3259233999997377,True,10,1229.3737962340094,4.76,,c104,Solomon-100,100,1236,0
Tabu,400.0,1.4086532999936026,True,10,1223.159445940861,4.76,,c104,Solomon-100,100,1236,1
Tabu,370.0,1.2065860999864526,True,9,1227.3104485842084,11.9,,c104,Solomon-100,100,1236,2
Tabu,370.0,1.301813400001265,True,9,1227.0718883167656,11.9,,c104,Solomon-100,100,1236,3
Tabu,370.0,1.322827399999369,True,9,1231.8519788301146,11.9,,c104,Solomon-100,100,1236,4
Genetic-Score,190.0,71.4416637000104,True,10,1235.1314972990667,47.22,,c102,Solomon-100,100,1236,0
Genetic-Tailored,390.0,10.009291199996369,True,10,1223.9472298735839,7.14,,c104,Solomon-100,100,1236,0
Genetic-Tailored,400.0,13.706233100005193,True,10,1227.3251303561467,4.76,,c104,Solomon-100,100,1236,1
Genetic-Score,210.0,43.93008900000132,True,10,1235.040831378862,47.5,,c103,Solomon-100,100,1236,1
GRASP,410.0,22.543183100002352,True,11,1231.952341357836,2.38,,c104,Solomon-100,100,1236,3
GRASP,400.0,22.64328530000057,True,10,1228.5595243610726,4.76,,c104,Solomon-100,100,1236,4
Genetic-Tailored,390.0,19.151242699997965,True,10,1222.1538604084435,7.14,,c104,Solomon-100,100,1236,2
Genetic-Score,220.0,84.79886450001504,True,10,1235.9567508815862,38.89,,c102,Solomon-100,100,1236,2
Greedy-Score,230.0,0.03147690001060255,True,7,1193.5687760398168,32.35,,c105,Solomon-100,100,1236,0
Greedy-Ratio,170.0,0.012519899988546968,True,9,1195.2093727122985,50.0,,c105,Solomon-100,100,1236,0
Genetic-Score,290.0,51.586846699996386,True,10,1235.9851061622112,27.5,,c103,Solomon-100,100,1236,0
Genetic-Tailored,400.0,18.483589400013443,True,10,1223.60865916741,4.76,,c104,Solomon-100,100,1236,3
Genetic-Tailored,400.0,17.886836899997434,True,10,1202.668674883832,4.76,,c104,Solomon-100,100,1236,4
GRASP,330.0,8.288740699994378,True,10,1165.3671884415326,2.94,,c105,Solomon-100,100,1236,0
GRASP,330.0,7.97303429999738,True,10,1165.3671884415326,2.94,,c105,Solomon-100,100,1236,1
SA-Boltzmann,230.0,0.11744589998852462,True,7,1193.5687760398168,32.35,,c105,Solomon-100,100,1236,0
SA-Boltzmann,230.0,0.13428609998663887,True,7,1193.5687760398168,32.35,,c105,Solomon-100,100,1236,1
SA-Boltzmann,230.0,0.1251029999984894,True,7,1193.5687760398168,32.35,,c105,Solomon-100,100,1236,2
SA-Boltzmann,230.0,0.12839489997713827,True,7,1193.5687760398168,32.35,,c105,Solomon-100,100,1236,3
SA-Boltzmann,230.0,0.13669499999377877,True,7,1193.5687760398168,32.35,,c105,Solomon-100,100,1236,4
SA-Cauchy,230.0,0.12118680001003668,True,7,1193.5687760398168,32.35,,c105,Solomon-100,100,1236,0
SA-Cauchy,250.0,0.12702200000057928,True,9,1208.5366446474147,26.47,,c105,Solomon-100,100,1236,1
SA-Cauchy,260.0,0.22420530000817962,True,9,1164.2845599541831,23.53,,c105,Solomon-100,100,1236,2
SA-Cauchy,300.0,0.20122600000468083,True,10,1195.691252011432,11.76,,c105,Solomon-100,100,1236,3
SA-Cauchy,230.0,0.19665130000794306,True,7,1193.5687760398168,32.35,,c105,Solomon-100,100,1236,4
Tabu,320.0,1.0413333000033163,True,9,1067.8113883008418,5.88,,c105,Solomon-100,100,1236,0
GRASP,330.0,8.024960700015072,True,10,1163.051447497597,2.94,,c105,Solomon-100,100,1236,2
Genetic-Score,240.0,58.780493899976136,True,10,1235.1045717420197,40.0,,c103,Solomon-100,100,1236,2
Tabu,320.0,1.0794288000033703,True,9,1067.8113883008418,5.88,,c105,Solomon-100,100,1236,1
Tabu,320.0,1.0444463999883737,True,9,1067.8113883008418,5.88,,c105,Solomon-100,100,1236,2
Genetic-Score,160.0,58.42223899997771,True,9,1235.7934467233877,60.0,,c103,Solomon-100,100,1236,3
Tabu,320.0,1.017045100015821,True,9,1067.8113883008418,5.88,,c105,Solomon-100,100,1236,3
Tabu,290.0,1.0468073000083677,True,8,1067.8113883008418,14.71,,c105,Solomon-100,100,1236,4
GRASP,330.0,8.01977069998975,True,10,1163.051447497597,2.94,,c105,Solomon-100,100,1236,3
GRASP,330.0,8.891085000010207,True,10,1163.051447497597,2.94,,c105,Solomon-100,100,1236,4
Genetic-Tailored,330.0,7.253973600018071,True,10,1168.4065740944513,2.94,,c105,Solomon-100,100,1236,2
Genetic-Tailored,330.0,7.23819580001873,True,10,1131.091570569841,2.94,,c105,Solomon-100,100,1236,3
Genetic-Tailored,340.0,9.675813500012737,True,10,1200.7521655072512,0.0,,c105,Solomon-100,100,1236,0
Genetic-Tailored,330.0,10.288678300013999,True,10,1131.091570569841,2.94,,c105,Solomon-100,100,1236,1
Genetic-Tailored,330.0,9.13642960001016,True,10,1168.4065740944513,2.94,,c105,Solomon-100,100,1236,4
Greedy-Score,230.0,0.01789639997878112,True,7,1182.5687760398168,32.35,,c106,Solomon-100,100,1236,0
Greedy-Ratio,170.0,0.01238759999978356,True,9,1179.2093727122985,50.0,,c106,Solomon-100,100,1236,0
GRASP,330.0,9.438469099986833,True,10,1187.3007412832433,2.94,,c106,Solomon-100,100,1236,0
Genetic-Score,240.0,41.04146259999834,True,10,1235.866275325135,42.86,,c104,Solomon-100,100,1236,2
Genetic-Score,270.0,84.79889619999449,True,10,1235.4487321056558,32.5,,c103,Solomon-100,100,1236,4
Genetic-Score,170.0,23.569310099992435,True,7,1234.7259937818103,50.0,,c105,Solomon-100,100,1236,2
GRASP,330.0,9.759783899993636,True,10,1187.3007412832433,2.94,,c106,Solomon-100,100,1236,1
SA-Boltzmann,230.0,0.16420490000746213,True,7,1182.5687760398168,32.35,,c106,Solomon-100,100,1236,0
SA-Boltzmann,240.0,0.1417829999991227,True,8,1182.5687760398168,29.41,,c106,Solomon-100,100,1236,1
SA-Boltzmann,230.0,0.14502610001363792,True,7,1182.5687760398168,32.35,,c106,Solomon-100,100,1236,2
SA-Boltzmann,230.0,0.1352279999991879,True,7,1182.5687760398168,32.35,,c106,Solomon-100,100,1236,3
Genetic-Score,120.0,21.41003910001018,True,6,1234.7259937818103,64.71,,c105,Solomon-100,100,1236,4
SA-Boltzmann,230.0,0.16609799998695962,True,7,1182.5687760398168,32.35,,c106,Solomon-100,100,1236,4
SA-Cauchy,270.0,0.13339249999262393,True,8,1066.9039139787365,20.59,,c106,Solomon-100,100,1236,0
SA-Cauchy,260.0,0.17920450001838617,True,10,1157.7934258239598,23.53,,c106,Solomon-100,100,1236,1
SA-Cauchy,270.0,0.14601509997737594,True,9,1182.5687760398168,20.59,,c106,Solomon-100,100,1236,2
SA-Cauchy,230.0,0.18905389998690225,True,7,1182.5687760398168,32.35,,c106,Solomon-100,100,1236,3
SA-Cauchy,260.0,0.1398678999976255,True,9,1145.5253982960114,23.53,,c106,Solomon-100,100,1236,4
Tabu,320.0,1.1015764999901876,True,9,1059.4208775726531,5.88,,c106,Solomon-100,100,1236,1
Tabu,320.0,1.126342100003967,True,9,1071.7200193887484,5.88,,c106,Solomon-100,100,1236,0
Tabu,320.0,1.1327449000091292,True,9,1059.4208775726531,5.88,,c106,Solomon-100,100,1236,2
Tabu,320.0,1.1444295999826863,True,9,1059.4208775726531,5.88,,c106,Solomon-100,100,1236,3
GRASP,330.0,10.223595300019952,True,10,1187.3007412832433,2.94,,c106,Solomon-100,100,1236,2
Tabu,320.0,1.1213783000130206,True,9,1059.4208775726531,5.88,,c106,Solomon-100,100,1236,4
GRASP,330.0,9.336442100000568,True,10,1187.3007412832433,2.94,,c106,Solomon-100,100,1236,3
GRASP,330.0,8.8187128000136,True,10,1187.3007412832433,2.94,,c106,Solomon-100,100,1236,4
Genetic-Score,150.0,38.46129910001764,True,9,1234.8023198630754,55.88,,c105,Solomon-100,100,1236,0
Genetic-Tailored,330.0,7.0371038999874145,True,10,1185.1782653116281,2.94,,c106,Solomon-100,100,1236,3
Genetic-Tailored,330.0,9.926497700012987,True,10,1156.760328452142,2.94,,c106,Solomon-100,100,1236,0
Genetic-Score,200.0,67.57419750001281,True,11,1235.607368491563,52.38,,c104,Solomon-100,100,1236,1
Genetic-Tailored,330.0,14.524769900017418,True,10,1145.091570569841,2.94,,c106,Solomon-100,100,1236,2
Genetic-Score,190.0,65.53029009999591,True,11,1235.9963847475435,54.76,,c104,Solomon-100,100,1236,3
Greedy-Score,240.0,0.017540200002258644,True,7,1174.5687760398168,35.14,,c107,Solomon-100,100,1236,0
Greedy-Ratio,190.0,0.013237299979664385,True,9,1181.3323896396305,48.65,,c107,Solomon-100,100,1236,0
Genetic-Score,220.0,45.51861649999046,True,10,1234.8453591221971,35.29,,c105,Solomon-100,100,1236,1
Genetic-Score,170.0,43.57801999998628,True,9,1234.7259937818103,50.0,,c105,Solomon-100,100,1236,3
Genetic-Tailored,340.0,18.142784499999834,True,10,1175.135946234837,0.0,,c106,Solomon-100,100,1236,1
GRASP,350.0,8.888513000012608,True,11,1207.6827015129516,5.41,,c107,Solomon-100,100,1236,0
GRASP,350.0,9.239442299993243,True,10,1194.752173533538,5.41,,c107,Solomon-100,100,1236,1
SA-Boltzmann,240.0,0.12686709998524748,True,7,1174.5687760398168,35.14,,c107,Solomon-100,100,1236,0
SA-Boltzmann,240.0,0.12918440002249554,True,7,1174.5687760398168,35.14,,c107,Solomon-100,100,1236,1
GRASP,350.0,9.368765299994266,True,11,1218.3500688118752,5.41,,c107,Solomon-100,100,1236,2
SA-Boltzmann,240.0,0.1281650000018999,True,7,1174.5687760398168,35.14,,c107,Solomon-100,100,1236,2
SA-Boltzmann,240.0,0.12557030000607483,True,7,1174.5687760398168,35.14,,c107,Solomon-100,100,1236,3
SA-Boltzmann,240.0,0.12735799999791197,True,7,1174.5687760398168,35.14,,c107,Solomon-100,100,1236,4
SA-Cauchy,240.0,0.13046399998711422,True,7,1174.5687760398168,35.14,,c107,Solomon-100,100,1236,0
SA-Cauchy,250.0,0.12905160000082105,True,8,1174.5687760398168,32.43,,c107,Solomon-100,100,1236,1
SA-Cauchy,280.0,0.1452067000209354,True,10,1211.9784085835597,24.32,,c107,Solomon-100,100,1236,2
SA-Cauchy,260.0,0.12861559999873862,True,8,1174.5687760398168,29.73,,c107,Solomon-100,100,1236,3
SA-Cauchy,300.0,0.13047989999176934,True,9,1174.5687760398168,18.92,,c107,Solomon-100,100,1236,4
GRASP,350.0,10.172222099994542,True,11,1218.3500688118752,5.41,,c107,Solomon-100,100,1236,3
Tabu,330.0,1.1482760999933816,True,9,1068.9744653610292,10.81,,c107,Solomon-100,100,1236,0
Tabu,330.0,1.2007653999899048,True,9,1071.1006433570565,10.81,,c107,Solomon-100,100,1236,1
Tabu,330.0,1.1544645999965724,True,9,1068.9744653610292,10.81,,c107,Solomon-100,100,1236,2
Tabu,330.0,1.1156054000020958,True,9,1068.9744653610292,10.81,,c107,Solomon-100,100,1236,3
Tabu,330.0,1.1121005000022706,True,9,1058.0971302075143,10.81,,c107,Solomon-100,100,1236,4
Genetic-Tailored,340.0,26.369034100003773,True,10,1175.4021791520624,0.0,,c106,Solomon-100,100,1236,4
GRASP,350.0,9.91441249998752,True,11,1218.3500688118752,5.41,,c107,Solomon-100,100,1236,4
Genetic-Tailored,360.0,7.309581099980278,True,10,1172.6129280503542,2.7,,c107,Solomon-100,100,1236,2
Genetic-Tailored,350.0,8.862516799999867,True,10,1167.9422136650892,5.41,,c107,Solomon-100,100,1236,1
Genetic-Tailored,350.0,8.382981999980984,True,10,1170.2579546090249,5.41,,c107,Solomon-100,100,1236,3
Genetic-Tailored,350.0,11.736425000010058,True,10,1167.9422136650892,5.41,,c107,Solomon-100,100,1236,0
Genetic-Tailored,340.0,7.802852399996482,True,10,1180.4196583484008,8.11,,c107,Solomon-100,100,1236,4
Genetic-Score,200.0,38.123035399999935,True,9,1235.0222274428986,41.18,,c106,Solomon-100,100,1236,2
Greedy-Score,260.0,0.018371499987551942,True,8,1175.8771896185992,29.73,,c108,Solomon-100,100,1236,0
Greedy-Ratio,180.0,0.011613300011958927,True,7,1173.3323896396305,51.35,,c108,Solomon-100,100,1236,0
Genetic-Score,180.0,41.16753420000896,True,9,1235.1442872295675,47.06,,c106,Solomon-100,100,1236,1
Genetic-Score,210.0,99.92541920000804,True,10,1235.7029232950197,50.0,,c104,Solomon-100,100,1236,4
GRASP,350.0,10.339230599987786,True,10,1200.4194592681813,5.41,,c108,Solomon-100,100,1236,0
GRASP,350.0,9.50260549999075,True,11,1223.3830534469162,5.41,,c108,Solomon-100,100,1236,1
Genetic-Score,190.0,45.292496399983065,True,9,1234.9086262031747,44.12,,c106,Solomon-100,100,1236,4
SA-Boltzmann,260.0,0.13477000000420958,True,8,1175.8771896185992,29.73,,c108,Solomon-100,100,1236,0
SA-Boltzmann,260.0,0.12887159999809228,True,8,1175.8771896185992,29.73,,c108,Solomon-100,100,1236,1
SA-Boltzmann,260.0,0.12214019999373704,True,8,1175.8771896185992,29.73,,c108,Solomon-100,100,1236,2
SA-Boltzmann,280.0,0.12942219999968074,True,9,1196.9049459959192,24.32,,c108,Solomon-100,100,1236,3
GRASP,350.0,9.590203100000508,True,10,1202.735200212117,5.41,,c108,Solomon-100,100,1236,2
SA-Boltzmann,260.0,0.12827560000005178,True,8,1175.8771896185992,29.73,,c108,Solomon-100,100,1236,4
SA-Cauchy,310.0,0.13258390000555664,True,9,1136.4223890623896,16.22,,c108,Solomon-100,100,1236,1
SA-Cauchy,300.0,0.13769659999525174,True,9,1175.8771896185992,18.92,,c108,Solomon-100,100,1236,0
SA-Cauchy,310.0,0.14189100000658073,True,10,1215.303254099398,16.22,,c108,Solomon-100,100,1236,2
SA-Cauchy,260.0,0.14155919998302124,True,8,1175.8771896185992,29.73,,c108,Solomon-100,100,1236,3
SA-Cauchy,300.0,0.14323720001266338,True,10,1233.7651716839678,18.92,,c108,Solomon-100,100,1236,4
Tabu,330.0,1.167542000010144,True,9,1062.4703913570186,10.81,,c108,Solomon-100,100,1236,0
Tabu,350.0,1.1223222999833524,True,10,1123.5170570537916,5.41,,c108,Solomon-100,100,1236,1
Tabu,350.0,1.1600116999761667,True,10,1123.7014569086023,5.41,,c108,Solomon-100,100,1236,2
Tabu,340.0,1.2006808999867644,True,9,1042.7179105884895,8.11,,c108,Solomon-100,100,1236,3
Tabu,350.0,1.1896430999913719,True,10,1123.7014569086023,5.41,,c108,Solomon-100,100,1236,4
GRASP,350.0,10.37305289998767,True,11,1223.3830534469162,5.41,,c108,Solomon-100,100,1236,3
GRASP,350.0,9.741144300001906,True,10,1220.9375137115624,5.41,,c108,Solomon-100,100,1236,4
Genetic-Score,240.0,62.25476899999194,True,10,1234.0269050299357,29.41,,c106,Solomon-100,100,1236,0
Genetic-Score,210.0,127.1431238000223,True,11,1235.8855158919407,50.0,,c104,Solomon-100,100,1236,0
Genetic-Tailored,370.0,9.53395250000176,True,11,1230.8190930063556,0.0,,c108,Solomon-100,100,1236,0
Genetic-Score,230.0,59.09329920000164,True,10,1235.1797769501916,32.35,,c106,Solomon-100,100,1236,3
Genetic-Tailored,340.0,7.73946270000306,True,10,1118.4610776927498,8.11,,c108,Solomon-100,100,1236,2
Genetic-Tailored,350.0,8.314401499985252,True,10,1190.7505736260177,5.41,,c108,Solomon-100,100,1236,3
Genetic-Tailored,360.0,14.39011949999258,True,11,1223.2607282843271,2.7,,c108,Solomon-100,100,1236,4
Greedy-Score,320.0,0.015232000005198643,True,9,1122.0395130732077,15.79,,c109,Solomon-100,100,1236,0
Greedy-Ratio,190.0,0.03806859999895096,True,8,1190.2878754535097,50.0,,c109,Solomon-100,100,1236,0
Genetic-Score,270.0,48.95283059999929,True,10,1234.939076390262,27.03,,c107,Solomon-100,100,1236,0
Genetic-Tailored,370.0,27.713225000014063,True,11,1230.4849616972515,0.0,,c108,Solomon-100,100,1236,1
Genetic-Score,230.0,54.48692209998262,True,10,1234.692465082479,37.84,,c107,Solomon-100,100,1236,2
GRASP,380.0,15.446486100001493,True,11,1222.271453521179,0.0,,c109,Solomon-100,100,1236,0
Genetic-Score,240.0,63.0591067999776,True,10,1235.007510467215,35.14,,c107,Solomon-100,100,1236,1
GRASP,380.0,15.648530500009656,True,11,1220.0321924995878,0.0,,c109,Solomon-100,100,1236,1
SA-Boltzmann,320.0,0.12369480001507327,True,9,1122.0395130732077,15.79,,c109,Solomon-100,100,1236,1
SA-Boltzmann,320.0,0.20185549999587238,True,9,1122.0395130732077,15.79,,c109,Solomon-100,100,1236,0
SA-Boltzmann,320.0,0.13821219999226741,True,9,1122.0395130732077,15.79,,c109,Solomon-100,100,1236,2
SA-Boltzmann,320.0,0.15999879999435507,True,9,1122.0395130732077,15.79,,c109,Solomon-100,100,1236,3
SA-Boltzmann,320.0,0.17566780000925064,True,9,1122.0395130732077,15.79,,c109,Solomon-100,100,1236,4
SA-Cauchy,320.0,0.1584924999915529,True,9,1122.0395130732077,15.79,,c109,Solomon-100,100,1236,0
SA-Cauchy,320.0,0.13733870000578463,True,9,1122.0395130732077,15.79,,c109,Solomon-100,100,1236,2
SA-Cauchy,330.0,0.15711970001575537,True,10,1208.819927181726,13.16,,c109,Solomon-100,100,1236,1
SA-Cauchy,330.0,0.14960280002560467,True,10,1149.2878006641026,13.16,,c109,Solomon-100,100,1236,3
SA-Cauchy,320.0,0.15498950000619516,True,9,1122.0395130732077,15.79,,c109,Solomon-100,100,1236,4
Tabu,380.0,1.3395056000154,True,11,1235.1315611029893,0.0,,c109,Solomon-100,100,1236,1
Tabu,380.0,1.3614605000184383,True,11,1235.1315611029893,0.0,,c109,Solomon-100,100,1236,0
Tabu,380.0,1.3492453999933787,True,11,1235.2499362764443,0.0,,c109,Solomon-100,100,1236,2
Tabu,380.0,1.3612691000162158,True,11,1234.9114263436009,0.0,,c109,Solomon-100,100,1236,3
GRASP,380.0,13.846942200005287,True,11,1211.631338606523,0.0,,c109,Solomon-100,100,1236,2
Genetic-Score,260.0,63.42345820000628,True,10,1234.8608518292772,29.73,,c107,Solomon-100,100,1236,4
Tabu,380.0,1.443853799981298,True,11,1234.9114263436009,0.0,,c109,Solomon-100,100,1236,4
GRASP,380.0,14.611340900009964,True,11,1222.271453521179,0.0,,c109,Solomon-100,100,1236,3
Genetic-Score,210.0,69.0309221999778,True,10,1234.9446033328006,43.24,,c107,Solomon-100,100,1236,3
GRASP,380.0,14.69766060000984,True,11,1232.8922574556777,0.0,,c109,Solomon-100,100,1236,4
Genetic-Score,180.0,41.43031480000354,True,9,1235.7548760390373,51.35,,c108,Solomon-100,100,1236,1
Genetic-Tailored,370.0,13.0964598999999,True,10,1146.886387691925,2.63,,c109,Solomon-100,100,1236,4
Genetic-Tailored,380.0,15.551576900004875,True,11,1200.2143482234305,0.0,,c109,Solomon-100,100,1236,1
Genetic-Tailored,380.0,17.31901399997878,True,11,1200.2143482234305,0.0,,c109,Solomon-100,100,1236,0
Greedy-Score,95.0,0.0092927000077907,True,3,228.768495053557,52.02,,r101,Solomon-100,100,230,0
Greedy-Ratio,97.0,0.010480400000233203,True,4,228.768495053557,51.01,,r101,Solomon-100,100,230,0
Genetic-Tailored,380.0,17.11127470000065,True,11,1214.5563567027516,0.0,,c109,Solomon-100,100,1236,3
GRASP,182.0,2.3813245000201277,True,7,227.9444212456232,8.08,,r101,Solomon-100,100,230,0
Genetic-Tailored,380.0,19.789324900018983,True,11,1203.6844648243687,0.0,,c109,Solomon-100,100,1236,2
GRASP,182.0,2.867480799992336,True,7,227.9444212456232,8.08,,r101,Solomon-100,100,230,1
Genetic-Score,240.0,53.699463500001,True,10,1235.693868193197,35.14,,c108,Solomon-100,100,1236,2
SA-Boltzmann,101.0,0.11288110000896268,True,5,208.6977156035922,48.99,,r101,Solomon-100,100,230,0
SA-Boltzmann,113.0,0.14344149999669753,True,6,223.10185316294758,42.93,,r101,Solomon-100,100,230,1
SA-Boltzmann,147.0,0.12621660000877455,True,7,228.768495053557,25.76,,r101,Solomon-100,100,230,2
SA-Boltzmann,100.0,0.13258639999548905,True,6,214.11412346859095,49.49,,r101,Solomon-100,100,230,3
SA-Boltzmann,95.0,0.12824759999057278,True,3,228.768495053557,52.02,,r101,Solomon-100,100,230,4
GRASP,182.0,2.707901399990078,True,7,227.9444212456232,8.08,,r101,Solomon-100,100,230,2
SA-Cauchy,154.0,0.11575230001471937,True,6,209.37353806008852,22.22,,r101,Solomon-100,100,230,0
SA-Cauchy,105.0,0.11418219999177381,True,6,219.0553851381374,46.97,,r101,Solomon-100,100,230,1
SA-Cauchy,130.0,0.11173819997929968,True,5,228.768495053557,34.34,,r101,Solomon-100,100,230,3
SA-Cauchy,115.0,0.17435839999234304,True,4,228.768495053557,41.92,,r101,Solomon-100,100,230,2
SA-Cauchy,171.0,0.11561209999490529,True,7,228.768495053557,13.64,,r101,Solomon-100,100,230,4
Tabu,171.0,0.7961294999986421,True,7,218.2484567313166,13.64,,r101,Solomon-100,100,230,1
Tabu,182.0,0.9641967999923509,True,8,218.2484567313166,8.08,,r101,Solomon-100,100,230,0
GRASP,182.0,2.9076467000122648,True,7,227.9444212456232,8.08,,r101,Solomon-100,100,230,3
GRASP,182.0,2.9045767999778036,True,7,227.9444212456232,8.08,,r101,Solomon-100,100,230,4
Tabu,171.0,0.9205905999988317,True,7,218.2484567313166,13.64,,r101,Solomon-100,100,230,2
Tabu,182.0,1.0681831999972928,True,8,218.2484567313166,8.08,,r101,Solomon-100,100,230,3
Tabu,181.0,0.8505792999931145,True,8,218.2484567313166,8.59,,r101,Solomon-100,100,230,4
Genetic-Tailored,158.0,4.34932830001344,True,7,222.39237871101543,20.2,,r101,Solomon-100,100,230,1
Genetic-Tailored,188.0,5.694161199993687,True,8,227.41856028932523,5.05,,r101,Solomon-100,100,230,3
Genetic-Tailored,198.0,6.10486629998195,True,9,226.5190987163184,0.0,,r101,Solomon-100,100,230,2
Genetic-Tailored,198.0,6.534961900004419,True,9,226.5190987163184,0.0,,r101,Solomon-100,100,230,0
Genetic-Score,270.0,63.737943400017684,True,10,1234.8140273454123,27.03,,c108,Solomon-100,100,1236,3
Genetic-Tailored,198.0,5.721006699983263,True,9,226.5190987163184,0.0,,r101,Solomon-100,100,230,4
Genetic-Score,190.0,67.44139569997787,True,10,1235.4883697785745,48.65,,c108,Solomon-100,100,1236,0
Greedy-Score,168.0,0.00827930000377819,True,5,227.95141200295714,41.26,,r102,Solomon-100,100,230,0
Greedy-Ratio,186.0,0.008755899994866922,True,7,228.80449381476487,34.97,,r102,Solomon-100,100,230,0
Genetic-Score,69.0,10.199789100006456,True,5,228.2178009208009,65.15,,r101,Solomon-100,100,230,1
Genetic-Score,114.0,10.427963900001487,True,5,228.06251316695318,42.42,,r101,Solomon-100,100,230,2
GRASP,286.0,11.904957099992316,True,11,228.24917803279357,0.0,,r102,Solomon-100,100,230,0
Genetic-Score,114.0,16.7196025000012,True,6,228.3453105926933,42.42,,r101,Solomon-100,100,230,0
Genetic-Score,109.0,16.123669400025392,True,5,228.768495053557,44.95,,r101,Solomon-100,100,230,3
SA-Boltzmann,168.0,0.09024140000110492,True,5,227.95141200295714,41.26,,r102,Solomon-100,100,230,0
SA-Boltzmann,168.0,0.10620880001806654,True,5,227.95141200295714,41.26,,r102,Solomon-100,100,230,1
SA-Boltzmann,190.0,0.11568040002021007,True,9,226.76317324830418,33.57,,r102,Solomon-100,100,230,2
SA-Boltzmann,178.0,0.1071315000008326,True,10,224.05695826267473,37.76,,r102,Solomon-100,100,230,3
SA-Boltzmann,168.0,0.09478869999293238,True,5,227.95141200295714,41.26,,r102,Solomon-100,100,230,4
SA-Cauchy,201.0,0.11729380002361722,True,8,228.08750923470762,29.72,,r102,Solomon-100,100,230,0
SA-Cauchy,168.0,0.08311200002208352,True,5,227.95141200295714,41.26,,r102,Solomon-100,100,230,1
SA-Cauchy,177.0,0.10068399997544475,True,9,227.5591490032571,38.11,,r102,Solomon-100,100,230,2
SA-Cauchy,198.0,0.12076530000194907,True,8,225.0650061496194,30.77,,r102,Solomon-100,100,230,3
SA-Cauchy,199.0,0.13438199998927303,True,9,226.63897976102623,30.42,,r102,Solomon-100,100,230,4
GRASP,286.0,10.30919509998057,True,11,228.24917803279357,0.0,,r102,Solomon-100,100,230,1
Tabu,263.0,1.13338990000193,True,11,228.74610190050512,8.04,,r102,Solomon-100,100,230,0
Tabu,281.0,1.147245300002396,True,11,228.80449381476487,1.75,,r102,Solomon-100,100,230,1
GRASP,286.0,12.007551200018497,True,11,228.24917803279357,0.0,,r102,Solomon-100,100,230,2
Tabu,267.0,1.0764497999916784,True,10,228.5855983241098,6.64,,r102,Solomon-100,100,230,3
Tabu,264.0,1.2613191999844275,True,12,228.66313304337697,7.69,,r102,Solomon-100,100,230,2
Genetic-Score,260.0,45.190383099979954,True,10,1235.0844992492339,31.58,,c109,Solomon-100,100,1236,1
Tabu,286.0,1.266818100004457,True,11,228.24917803279357,0.0,,r102,Solomon-100,100,230,4
Genetic-Score,114.0,20.963377399981255,True,6,228.8442692206507,42.42,,r101,Solomon-100,100,230,4
GRASP,286.0,11.579902700003004,True,11,228.24917803279357,0.0,,r102,Solomon-100,100,230,4
GRASP,286.0,12.175510100001702,True,11,228.24917803279357,0.0,,r102,Solomon-100,100,230,3
Genetic-Tailored,277.0,9.05299989998457,True,10,225.5918329219947,3.15,,r102,Solomon-100,100,230,0
Genetic-Tailored,277.0,9.287970000004862,True,10,228.5855983241098,3.15,,r102,Solomon-100,100,230,4
Genetic-Tailored,261.0,12.863235900003929,True,10,228.25050427388447,8.74,,r102,Solomon-100,100,230,1
Genetic-Score,220.0,95.8239859000023,True,10,1234.721371917641,40.54,,c108,Solomon-100,100,1236,4
Greedy-Score,168.0,0.008644599991384894,True,5,227.95141200295714,42.66,,r103,Solomon-100,100,230,0
Greedy-Ratio,93.0,0.007569100009277463,True,5,223.32455532033677,68.26,,r103,Solomon-100,100,230,0
Genetic-Tailored,264.0,15.507667300000321,True,11,224.36361594522648,7.69,,r102,Solomon-100,100,230,2
Genetic-Tailored,281.0,16.276021800003946,True,11,227.02838847379692,1.75,,r102,Solomon-100,100,230,3
GRASP,288.0,9.364638600003673,True,10,228.5855983241098,1.71,,r103,Solomon-100,100,230,0
GRASP,288.0,7.913970099994913,True,10,228.5855983241098,1.71,,r103,Solomon-100,100,230,1
GRASP,288.0,10.336528599989833,True,10,228.5855983241098,1.71,,r103,Solomon-100,100,230,2
SA-Boltzmann,188.0,0.10984110002755187,True,7,229.51269774726424,35.84,,r103,Solomon-100,100,230,0
SA-Boltzmann,168.0,0.12871099999756552,True,5,227.95141200295714,42.66,,r103,Solomon-100,100,230,1
SA-Boltzmann,179.0,0.11994330000015907,True,10,221.4309545893509,38.91,,r103,Solomon-100,100,230,2
SA-Boltzmann,168.0,0.10902669999632053,True,5,227.95141200295714,42.66,,r103,Solomon-100,100,230,3
SA-Boltzmann,168.0,0.11892730000545271,True,5,227.95141200295714,42.66,,r103,Solomon-100,100,230,4
SA-Cauchy,211.0,0.15496499999426305,True,8,228.51635781546386,27.99,,r103,Solomon-100,100,230,0
SA-Cauchy,216.0,0.13732050001272,True,8,219.0553851381374,26.28,,r103,Solomon-100,100,230,1
SA-Cauchy,179.0,0.13489870002376847,True,7,218.590241735595,38.91,,r103,Solomon-100,100,230,2
SA-Cauchy,207.0,0.1231238000036683,True,8,223.5742763236869,29.35,,r103,Solomon-100,100,230,3
SA-Cauchy,168.0,0.11889659997541457,True,5,227.95141200295714,42.66,,r103,Solomon-100,100,230,4
Genetic-Score,210.0,66.59379670000635,True,10,1235.7014236998268,44.74,,c109,Solomon-100,100,1236,4
Tabu,290.0,1.3254423000034876,True,11,228.96389069931442,1.02,,r103,Solomon-100,100,230,0
Tabu,293.0,1.2777047000126913,True,11,228.4300484670419,0.0,,r103,Solomon-100,100,230,1
Tabu,291.0,1.3643521000049077,True,11,228.25444478765962,0.68,,r103,Solomon-100,100,230,2
GRASP,288.0,7.902555599983316,True,10,228.5855983241098,1.71,,r103,Solomon-100,100,230,4
Tabu,266.0,1.2309023000125308,True,11,225.69049661395022,9.22,,r103,Solomon-100,100,230,3
Tabu,265.0,1.3040609999734443,True,11,225.19778316131774,9.56,,r103,Solomon-100,100,230,4
GRASP,288.0,9.729901399987284,True,10,228.5855983241098,1.71,,r103,Solomon-100,100,230,3
Genetic-Tailored,263.0,9.078127900022082,True,10,227.32871291150988,10.24,,r103,Solomon-100,100,230,1
Genetic-Score,200.0,86.47828469998785,True,10,1235.74855342326,47.37,,c109,Solomon-100,100,1236,2
Genetic-Score,159.0,33.3099887999997,True,7,229.97270397230199,44.41,,r102,Solomon-100,100,230,2
Genetic-Tailored,293.0,15.143353199993726,True,11,228.4300484670419,0.0,,r103,Solomon-100,100,230,3
Genetic-Score,240.0,97.21843610002543,True,10,1235.6600573686364,36.84,,c109,Solomon-100,100,1236,0
Genetic-Score,143.0,44.40003310001339,True,8,229.8709484448717,50.0,,r102,Solomon-100,100,230,1
Genetic-Score,240.0,87.83269169999403,True,10,1235.4449897920827,36.84,,c109,Solomon-100,100,1236,3
Greedy-Score,171.0,0.008008400007383898,True,5,224.59160167906649,40.21,,r104,Solomon-100,100,230,0
Greedy-Ratio,128.0,0.008655999990878627,True,7,219.0553851381374,55.24,,r104,Solomon-100,100,230,0
Genetic-Tailored,276.0,19.002664800005732,True,11,228.5855983241098,5.8,,r103,Solomon-100,100,230,2
Genetic-Score,201.0,39.448102900001686,True,9,229.9289286853004,29.72,,r102,Solomon-100,100,230,4
Genetic-Tailored,281.0,21.530838100006804,True,11,226.8378727302274,4.1,,r103,Solomon-100,100,230,0
Genetic-Tailored,270.0,12.688723800005391,True,10,229.8660687473185,7.85,,r103,Solomon-100,100,230,4
Genetic-Score,207.0,55.501450800016755,True,10,229.56267201478656,27.62,,r102,Solomon-100,100,230,0
SA-Boltzmann,171.0,0.10795779997715726,True,5,224.59160167906649,40.21,,r104,Solomon-100,100,230,0
SA-Boltzmann,190.0,0.10178479997557588,True,6,225.66827675596758,33.57,,r104,Solomon-100,100,230,1
SA-Boltzmann,171.0,0.10321149998344481,True,5,224.59160167906649,40.21,,r104,Solomon-100,100,230,2
SA-Boltzmann,171.0,0.09832369998912327,True,5,224.59160167906649,40.21,,r104,Solomon-100,100,230,3
SA-Boltzmann,171.0,0.09900190000189468,True,5,224.59160167906649,40.21,,r104,Solomon-100,100,230,4
SA-Cauchy,183.0,0.12037260000943206,True,7,226.9561361652622,36.01,,r104,Solomon-100,100,230,0
SA-Cauchy,182.0,0.0886068000108935,True,6,222.6584871857526,36.36,,r104,Solomon-100,100,230,1
SA-Cauchy,202.0,0.10816570001770742,True,9,220.00316697366108,29.37,,r104,Solomon-100,100,230,2
SA-Cauchy,197.0,0.1033430999959819,True,6,219.56233277023512,31.12,,r104,Solomon-100,100,230,3
SA-Cauchy,179.0,0.09296600002562627,True,7,225.09676690578235,37.41,,r104,Solomon-100,100,230,4
GRASP,288.0,12.763420000002952,True,10,228.36943857820046,0.0,,r104,Solomon-100,100,230,0
Tabu,299.0,1.4329697999928612,True,13,226.8701386408043,0.0,,r104,Solomon-100,100,230,0
Tabu,298.0,1.226606799988076,True,12,225.65985701164536,0.0,,r104,Solomon-100,100,230,1
Tabu,283.0,1.2876445000001695,True,12,228.30270124726798,1.05,,r104,Solomon-100,100,230,2
GRASP,294.0,13.591175799985649,True,12,228.5237474631338,0.0,,r104,Solomon-100,100,230,1
Tabu,267.0,1.1983043000218458,True,10,228.16567493649276,6.64,,r104,Solomon-100,100,230,3
Tabu,282.0,1.2486766000220086,True,10,223.57438730451864,1.4,,r104,Solomon-100,100,230,4
GRASP,284.0,13.911645599990152,True,10,220.89982180029384,0.7,,r104,Solomon-100,100,230,3
GRASP,297.0,13.471149899996817,True,11,227.34910704586878,0.0,,r104,Solomon-100,100,230,4
Genetic-Score,189.0,56.19681210000999,True,10,228.91333049272416,33.92,,r102,Solomon-100,100,230,3
GRASP,297.0,15.572302000015043,True,11,228.31859724189576,0.0,,r104,Solomon-100,100,230,2
Genetic-Tailored,287.0,14.103286099998513,True,12,221.54903600302308,0.0,,r104,Solomon-100,100,230,0
Genetic-Tailored,280.0,12.764040400012163,True,11,226.09398591537445,2.1,,r104,Solomon-100,100,230,4
Genetic-Tailored,298.0,15.208920200006105,True,11,227.7593049569028,0.0,,r104,Solomon-100,100,230,2
Genetic-Tailored,289.0,16.259444499999518,True,11,228.22990313750213,0.0,,r104,Solomon-100,100,230,3
Greedy-Score,99.0,0.00884080000105314,True,3,223.69138203797237,59.92,,r105,Solomon-100,100,230,0
Greedy-Ratio,88.0,0.00713990000076592,True,5,214.40591953609157,64.37,,r105,Solomon-100,100,230,0
GRASP,219.0,5.10819050000282,True,8,228.9099437442438,11.34,,r105,Solomon-100,100,230,0
Genetic-Tailored,291.0,23.456500800006324,True,12,227.59143094690063,0.0,,r104,Solomon-100,100,230,1
GRASP,229.0,4.952683700015768,True,9,228.9099437442438,7.29,,r105,Solomon-100,100,230,1
GRASP,217.0,4.768586899997899,True,8,228.208753963355,12.15,,r105,Solomon-100,100,230,2
Genetic-Score,193.0,48.808813400013605,True,10,229.68433226692892,34.13,,r103,Solomon-100,100,230,2
SA-Boltzmann,140.0,0.13717959998757578,True,7,212.6627902947606,43.32,,r105,Solomon-100,100,230,0
SA-Boltzmann,99.0,0.12262449998524971,True,3,223.69138203797237,59.92,,r105,Solomon-100,100,230,1
SA-Boltzmann,132.0,0.10287639999296516,True,5,223.69138203797237,46.56,,r105,Solomon-100,100,230,2
SA-Boltzmann,157.0,0.1314023000013549,True,8,214.40591953609157,36.44,,r105,Solomon-100,100,230,3
SA-Boltzmann,112.0,0.10874110000440851,True,4,223.69138203797237,54.66,,r105,Solomon-100,100,230,4
SA-Cauchy,157.0,0.13199059999897145,True,6,228.9099437442438,36.44,,r105,Solomon-100,100,230,0
SA-Cauchy,136.0,0.12570139998570085,True,6,223.69138203797237,44.94,,r105,Solomon-100,100,230,1
SA-Cauchy,145.0,0.17973560001701117,True,6,225.30984738287222,41.3,,r105,Solomon-100,100,230,2
SA-Cauchy,137.0,0.17743759998120368,True,7,224.1582816542561,44.53,,r105,Solomon-100,100,230,3
GRASP,211.0,4.907228199997917,True,8,227.26582981636017,14.57,,r105,Solomon-100,100,230,3
SA-Cauchy,121.0,0.1159378000011202,True,5,223.69138203797237,51.01,,r105,Solomon-100,100,230,4
GRASP,219.0,5.0486230999813415,True,8,228.9099437442438,11.34,,r105,Solomon-100,100,230,4
Tabu,247.0,1.1076925999950618,True,11,228.47071086292686,0.0,,r105,Solomon-100,100,230,0
Tabu,240.0,1.2536141000164207,True,11,228.25222889069863,2.83,,r105,Solomon-100,100,230,1
Tabu,236.0,1.0788517000037245,True,10,218.20774999320452,4.45,,r105,Solomon-100,100,230,2
Tabu,247.0,1.0792420000070706,True,11,228.47071086292686,0.0,,r105,Solomon-100,100,230,3
Tabu,239.0,1.1018928000121377,True,11,218.20774999320452,3.24,,r105,Solomon-100,100,230,4
Genetic-Tailored,227.0,8.051501200010534,True,8,227.482796281075,8.1,,r105,Solomon-100,100,230,0
Genetic-Tailored,240.0,7.575133799982723,True,10,227.37214754315661,2.83,,r105,Solomon-100,100,230,2
Genetic-Score,218.0,62.64889350000885,True,10,229.93979397073156,25.6,,r103,Solomon-100,100,230,3
Genetic-Tailored,240.0,11.11789759999374,True,12,228.48604671610929,2.83,,r105,Solomon-100,100,230,1
Genetic-Score,233.0,62.46206799999345,True,11,229.9785716643429,20.48,,r103,Solomon-100,100,230,4
Genetic-Score,192.0,33.00065800000448,True,10,229.90179944310586,32.87,,r104,Solomon-100,100,230,2
Genetic-Score,176.0,44.64333149997401,True,9,229.9315654167716,38.46,,r104,Solomon-100,100,230,1
Genetic-Tailored,187.0,5.192030200007139,True,8,227.55526063573583,24.29,,r105,Solomon-100,100,230,3
Greedy-Score,168.0,0.009096499998122454,True,5,217.95141200295714,42.66,,r106,Solomon-100,100,230,0
Greedy-Ratio,110.0,0.00971350001054816,True,6,222.5759630197012,62.46,,r106,Solomon-100,100,230,0
Genetic-Score,169.0,71.0748815999832,True,11,229.16949024283517,42.32,,r103,Solomon-100,100,230,1
Genetic-Tailored,247.0,9.754538999986835,True,11,228.47071086292686,0.0,,r105,Solomon-100,100,230,4
Genetic-Score,131.0,13.8909629000118,True,7,228.74108176937443,46.96,,r105,Solomon-100,100,230,0
GRASP,293.0,11.909720299998298,True,11,229.1868472448359,0.0,,r106,Solomon-100,100,230,1
GRASP,293.0,12.870776800002204,True,11,229.1868472448359,0.0,,r106,Solomon-100,100,230,0
SA-Boltzmann,168.0,0.08960470001329668,True,5,217.95141200295714,42.66,,r106,Solomon-100,100,230,0
SA-Boltzmann,168.0,0.11093280001659878,True,5,217.95141200295714,42.66,,r106,Solomon-100,100,230,1
SA-Boltzmann,168.0,0.09502169999177568,True,5,217.95141200295714,42.66,,r106,Solomon-100,100,230,2
SA-Boltzmann,168.0,0.09971089998725802,True,5,217.95141200295714,42.66,,r106,Solomon-100,100,230,3
SA-Boltzmann,193.0,0.09537590001127683,True,10,228.81812698723368,34.13,,r106,Solomon-100,100,230,4
SA-Cauchy,215.0,0.11796170001616701,True,8,229.02692857723815,26.62,,r106,Solomon-100,100,230,0
SA-Cauchy,218.0,0.11604920000536367,True,9,223.094636288226,25.6,,r106,Solomon-100,100,230,1
SA-Cauchy,205.0,0.09306350001133978,True,7,225.56900714484752,30.03,,r106,Solomon-100,100,230,2
SA-Cauchy,223.0,0.10904670000309125,True,9,227.91262304370142,23.89,,r106,Solomon-100,100,230,3
SA-Cauchy,227.0,0.11368070001481101,True,9,224.80386786989658,22.53,,r106,Solomon-100,100,230,4
Genetic-Score,84.0,15.04559509997489,True,6,228.94014115537615,65.99,,r105,Solomon-100,100,230,2
Tabu,278.0,1.2095412000198849,True,11,228.4254687037989,5.12,,r106,Solomon-100,100,230,0
Tabu,282.0,1.1587096999865025,True,11,228.0502457404911,3.75,,r106,Solomon-100,100,230,1
Tabu,281.0,1.2105041999893729,True,10,228.32964387905741,4.1,,r106,Solomon-100,100,230,2
Tabu,279.0,1.3457809000101406,True,12,229.53929793843236,4.78,,r106,Solomon-100,100,230,3
GRASP,275.0,12.55517440001131,True,10,229.16977028588067,6.14,,r106,Solomon-100,100,230,2
Tabu,287.0,1.2222729999921285,True,11,228.83237672738431,2.05,,r106,Solomon-100,100,230,4
Genetic-Score,100.0,21.53132929999265,True,7,229.13397209892884,59.51,,r105,Solomon-100,100,230,1
Genetic-Score,72.0,25.48329659999581,True,6,229.02055977221107,70.85,,r105,Solomon-100,100,230,3
GRASP,273.0,13.167266599979484,True,10,224.61883557481994,6.83,,r106,Solomon-100,100,230,3
Genetic-Score,216.0,58.64584569999715,True,11,229.85227963041967,24.48,,r104,Solomon-100,100,230,3
GRASP,286.0,13.981832899997244,True,11,221.48732571956225,2.39,,r106,Solomon-100,100,230,4
Genetic-Tailored,277.0,8.425593299994944,True,11,229.4814900705596,5.46,,r106,Solomon-100,100,230,3
Genetic-Tailored,281.0,14.617465699993772,True,10,228.32964387905741,4.1,,r106,Solomon-100,100,230,0
Genetic-Tailored,275.0,14.704411499988055,True,10,227.61006348903445,6.14,,r106,Solomon-100,100,230,2
Greedy-Score,168.0,0.008896799990907311,True,5,217.95141200295714,43.81,,r107,Solomon-100,100,230,0
Greedy-Ratio,110.0,0.008217899972805753,True,6,222.5759630197012,63.21,,r107,Solomon-100,100,230,0
Genetic-Tailored,279.0,15.401192099991022,True,11,228.2883583020221,4.78,,r106,Solomon-100,100,230,1
Genetic-Score,216.0,79.01901370001724,True,11,229.61081742694992,24.48,,r104,Solomon-100,100,230,0
Genetic-Score,84.0,37.020118699991144,True,6,228.92690671721078,65.99,,r105,Solomon-100,100,230,4
Genetic-Tailored,277.0,12.212508500000695,True,11,229.35508268863126,5.46,,r106,Solomon-100,100,230,4
Genetic-Score,216.0,109.12433510000119,True,11,229.94457706223972,26.28,,r103,Solomon-100,100,230,0
SA-Boltzmann,168.0,0.11002550000557676,True,5,217.95141200295714,43.81,,r107,Solomon-100,100,230,0
SA-Boltzmann,168.0,0.0866391999879852,True,5,217.95141200295714,43.81,,r107,Solomon-100,100,230,1
SA-Boltzmann,168.0,0.09260150001500733,True,5,217.95141200295714,43.81,,r107,Solomon-100,100,230,2
SA-Boltzmann,183.0,0.10348809999413788,True,6,220.7891941926383,38.8,,r107,Solomon-100,100,230,3
SA-Boltzmann,168.0,0.12427000000025146,True,5,217.95141200295714,43.81,,r107,Solomon-100,100,230,4
SA-Cauchy,190.0,0.09455700000398792,True,7,225.33241591509125,36.45,,r107,Solomon-100,100,230,0
SA-Cauchy,203.0,0.10349329997552559,True,7,214.6935284080649,32.11,,r107,Solomon-100,100,230,1
SA-Cauchy,207.0,0.09466319999773987,True,7,226.34460654208704,30.77,,r107,Solomon-100,100,230,2
SA-Cauchy,204.0,0.12234860000899062,True,7,224.79174398777963,31.77,,r107,Solomon-100,100,230,3
SA-Cauchy,196.0,0.11254160001408309,True,8,224.08861230086706,34.45,,r107,Solomon-100,100,230,4
Tabu,290.0,1.1544616999744903,True,11,226.8485312444345,3.01,,r107,Solomon-100,100,230,0
Tabu,289.0,1.3229641999932937,True,11,225.72161208428156,3.34,,r107,Solomon-100,100,230,1
Tabu,282.0,1.2533669999975245,True,12,228.32373206058767,5.69,,r107,Solomon-100,100,230,2
GRASP,286.0,10.723456900013844,True,10,222.31016575254674,4.35,,r107,Solomon-100,100,230,0
Tabu,293.0,1.2166173000005074,True,11,228.5924559516842,2.01,,r107,Solomon-100,100,230,3
Tabu,272.0,1.1603499999910127,True,12,228.57979779168713,9.03,,r107,Solomon-100,100,230,4
GRASP,289.0,12.195465700002387,True,10,228.31016575254674,3.34,,r107,Solomon-100,100,230,2
GRASP,289.0,13.790551900019636,True,10,228.31016575254674,3.34,,r107,Solomon-100,100,230,1
GRASP,286.0,10.795016599993687,True,10,222.31016575254674,4.35,,r107,Solomon-100,100,230,4
GRASP,289.0,13.168733099999372,True,10,228.31016575254674,3.34,,r107,Solomon-100,100,230,3
Genetic-Score,175.0,23.36681119998684,True,9,229.8432241177645,40.27,,r106,Solomon-100,100,230,3
Genetic-Score,209.0,86.55980059999274,True,11,229.9422412390896,26.92,,r104,Solomon-100,100,230,4
Genetic-Tailored,278.0,8.726752899994608,True,11,229.69693780421468,7.02,,r107,Solomon-100,100,230,4
Genetic-Tailored,285.0,12.160972100013169,True,12,228.75386013293158,4.68,,r107,Solomon-100,100,230,2
Genetic-Tailored,286.0,11.00618569998187,True,10,222.31016575254674,4.35,,r107,Solomon-100,100,230,3
Greedy-Score,171.0,0.007980700000189245,True,5,224.59160167906649,41.84,,r108,Solomon-100,100,230,0
Greedy-Ratio,155.0,0.009124200005317107,True,8,222.09147019991318,47.28,,r108,Solomon-100,100,230,0
Genetic-Tailored,279.0,18.087864800007083,True,11,228.16615541441223,6.69,,r107,Solomon-100,100,230,1
Genetic-Tailored,291.0,22.222946499998216,True,12,225.73991215569114,2.68,,r107,Solomon-100,100,230,0
GRASP,285.0,13.47317730000941,True,10,225.24646107423132,3.06,,r108,Solomon-100,100,230,0
GRASP,295.0,12.036042599997018,True,11,225.36029857057375,0.0,,r108,Solomon-100,100,230,1
Genetic-Score,206.0,47.410430899995845,True,10,229.92401267227697,29.69,,r106,Solomon-100,100,230,4
SA-Boltzmann,191.0,0.12973410001723096,True,9,229.0622440584089,35.03,,r108,Solomon-100,100,230,0
SA-Boltzmann,171.0,0.11186130001442507,True,5,224.59160167906649,41.84,,r108,Solomon-100,100,230,1
SA-Boltzmann,172.0,0.11575629998696968,True,8,228.8164780777331,41.5,,r108,Solomon-100,100,230,2
SA-Boltzmann,171.0,0.1126737000013236,True,5,224.59160167906649,41.84,,r108,Solomon-100,100,230,3
SA-Boltzmann,192.0,0.11209169999347068,True,10,228.30782383697493,34.69,,r108,Solomon-100,100,230,4
SA-Cauchy,178.0,0.12151979998452589,True,9,225.38567701262355,39.46,,r108,Solomon-100,100,230,0
SA-Cauchy,171.0,0.10467870000866242,True,5,224.59160167906649,41.84,,r108,Solomon-100,100,230,1
SA-Cauchy,200.0,0.12289779999991879,True,7,226.8847186889845,31.97,,r108,Solomon-100,100,230,2
SA-Cauchy,182.0,0.13157219998538494,True,7,225.98835789572658,38.1,,r108,Solomon-100,100,230,3
SA-Cauchy,195.0,0.12857069997699,True,7,227.9371694385341,33.67,,r108,Solomon-100,100,230,4
Genetic-Score,163.0,23.184519700007513,True,10,229.85101932970323,45.48,,r107,Solomon-100,100,230,4
GRASP,297.0,14.691966800019145,True,11,227.34910704586878,0.0,,r108,Solomon-100,100,230,2
Tabu,295.0,1.4036751000094227,True,13,229.17039772868893,0.0,,r108,Solomon-100,100,230,0
Tabu,290.0,1.3295022000093013,True,11,227.42927690067285,1.36,,r108,Solomon-100,100,230,2
Tabu,293.0,1.4440084999951068,True,12,229.57159865699353,0.34,,r108,Solomon-100,100,230,1
Tabu,242.0,1.174788600008469,True,12,229.07630128206375,17.69,,r108,Solomon-100,100,230,3
Genetic-Score,203.0,57.17716230000951,True,10,229.71963212766374,30.72,,r106,Solomon-100,100,230,1
Tabu,297.0,1.272725899994839,True,11,227.22422587183715,0.0,,r108,Solomon-100,100,230,4
GRASP,288.0,15.382506199995987,True,12,228.05080883763978,2.04,,r108,Solomon-100,100,230,3
GRASP,300.0,17.626312800013693,True,13,229.24174757659657,0.0,,r108,Solomon-100,100,230,4
Genetic-Tailored,284.0,12.60849009998492,True,11,229.69693780421468,3.4,,r108,Solomon-100,100,230,2
Genetic-Score,181.0,70.26340269998764,True,10,229.49299123357642,38.23,,r106,Solomon-100,100,230,0
Genetic-Tailored,298.0,14.400849300000118,True,13,226.2917112100075,0.0,,r108,Solomon-100,100,230,0
Genetic-Tailored,292.0,10.241985799977556,True,11,228.38102239718066,0.68,,r108,Solomon-100,100,230,4
Genetic-Tailored,286.0,20.45662360001006,True,11,228.1259569214463,2.72,,r108,Solomon-100,100,230,1
Greedy-Score,115.0,0.013937799987616017,True,4,229.97388833905364,58.48,,r109,Solomon-100,100,230,0
Greedy-Ratio,129.0,0.00973260001046583,True,7,221.26204618890014,53.43,,r109,Solomon-100,100,230,0
Genetic-Score,209.0,78.06035080002039,True,9,229.90572353923997,28.67,,r106,Solomon-100,100,230,2
Genetic-Tailored,288.0,20.92726730002323,True,11,228.571118800506,2.04,,r108,Solomon-100,100,230,3
Genetic-Score,200.0,54.983808999997564,True,10,229.7897429705277,33.11,,r107,Solomon-100,100,230,0
Genetic-Score,174.0,56.21459629997844,True,9,229.9615715253506,41.81,,r107,Solomon-100,100,230,1
Genetic-Score,185.0,52.335192900005495,True,10,229.8486365903144,38.13,,r107,Solomon-100,100,230,3
SA-Boltzmann,121.0,0.09993900000699796,True,6,206.62536688970917,56.32,,r109,Solomon-100,100,230,0
SA-Boltzmann,134.0,0.11850009998306632,True,7,224.02232880839324,51.62,,r109,Solomon-100,100,230,1
SA-Boltzmann,153.0,0.11178649999783374,True,8,220.6298992022348,44.77,,r109,Solomon-100,100,230,2
SA-Boltzmann,115.0,0.0994436000182759,True,4,229.97388833905364,58.48,,r109,Solomon-100,100,230,3
SA-Boltzmann,135.0,0.10910420000436716,True,5,218.8989795304947,51.26,,r109,Solomon-100,100,230,4
SA-Cauchy,122.0,0.10844899999210611,True,5,229.97388833905364,55.96,,r109,Solomon-100,100,230,0
SA-Cauchy,166.0,0.10652540001319721,True,7,229.97388833905364,40.07,,r109,Solomon-100,100,230,1
SA-Cauchy,169.0,0.10855249999440275,True,7,225.6655111750767,38.99,,r109,Solomon-100,100,230,2
SA-Cauchy,195.0,0.11366929998621345,True,8,229.97388833905364,29.6,,r109,Solomon-100,100,230,3
SA-Cauchy,146.0,0.12094909997540526,True,7,229.97388833905364,47.29,,r109,Solomon-100,100,230,4
Tabu,277.0,1.3077234999800567,True,12,228.76261366163425,0.0,,r109,Solomon-100,100,230,0
Tabu,238.0,1.1327717000094708,True,11,228.9852660278552,14.08,,r109,Solomon-100,100,230,1
GRASP,276.0,9.712852000026032,True,11,221.40404593137544,0.36,,r109,Solomon-100,100,230,0
GRASP,276.0,8.142486600001575,True,11,221.40404593137544,0.36,,r109,Solomon-100,100,230,3
Tabu,273.0,1.2001615000190213,True,12,227.2786229904125,1.44,,r109,Solomon-100,100,230,2
Tabu,238.0,1.0837363000027835,True,11,228.9852660278552,14.08,,r109,Solomon-100,100,230,4
Tabu,277.0,1.369681899988791,True,12,226.69074844116963,0.0,,r109,Solomon-100,100,230,3
GRASP,276.0,10.321010999992723,True,11,221.40404593137544,0.36,,r109,Solomon-100,100,230,1
GRASP,276.0,10.872004000004381,True,11,221.40404593137544,0.36,,r109,Solomon-100,100,230,2
GRASP,276.0,8.361450500000501,True,11,221.40404593137544,0.36,,r109,Solomon-100,100,230,4
Genetic-Score,113.0,62.39274460001616,True,10,229.97711522764774,62.21,,r107,Solomon-100,100,230,2
Genetic-Tailored,255.0,8.149082000018097,True,11,223.41922492097473,7.94,,r109,Solomon-100,100,230,3
Genetic-Tailored,276.0,8.977625700004864,True,11,221.40404593137544,0.36,,r109,Solomon-100,100,230,2
Genetic-Score,126.0,30.66210049999063,True,8,229.8797628268931,57.14,,r108,Solomon-100,100,230,1
Genetic-Tailored,277.0,14.136965599987889,True,12,227.9659223862979,0.0,,r109,Solomon-100,100,230,0
Greedy-Score,127.0,0.010985200002323836,True,4,224.6198704940246,55.28,,r110,Solomon-100,100,230,0
Greedy-Ratio,156.0,0.010579099995084107,True,9,228.32134115371267,45.07,,r110,Solomon-100,100,230,0
Genetic-Score,140.0,33.28745679999702,True,8,229.91968192127044,52.38,,r108,Solomon-100,100,230,2
Genetic-Tailored,277.0,14.561670100025367,True,12,226.69074844116963,0.0,,r109,Solomon-100,100,230,1
Genetic-Tailored,276.0,14.257147099997383,True,11,221.40404593137544,0.36,,r109,Solomon-100,100,230,4
GRASP,259.0,9.452859199984232,True,9,226.52686091772026,8.8,,r110,Solomon-100,100,230,0
GRASP,259.0,9.353845500008902,True,9,226.52686091772026,8.8,,r110,Solomon-100,100,230,2
SA-Boltzmann,140.0,0.09620439997524954,True,5,224.6198704940246,50.7,,r110,Solomon-100,100,230,0
SA-Boltzmann,174.0,0.09148960001766682,True,9,223.39543722577287,38.73,,r110,Solomon-100,100,230,1
SA-Boltzmann,127.0,0.09662569998181425,True,4,224.6198704940246,55.28,,r110,Solomon-100,100,230,2
SA-Boltzmann,127.0,0.10821710000163876,True,4,224.6198704940246,55.28,,r110,Solomon-100,100,230,3
SA-Boltzmann,156.0,0.1230527000152506,True,5,226.1267927167998,45.07,,r110,Solomon-100,100,230,4
SA-Cauchy,172.0,0.11369290002039634,True,7,227.6835485258789,39.44,,r110,Solomon-100,100,230,0
SA-Cauchy,142.0,0.09736970000085421,True,5,220.18766006354954,50.0,,r110,Solomon-100,100,230,1
SA-Cauchy,170.0,0.12326959997881204,True,6,228.31223945164678,40.14,,r110,Solomon-100,100,230,2
SA-Cauchy,184.0,0.11742389999562874,True,6,228.70520296822778,35.21,,r110,Solomon-100,100,230,3
SA-Cauchy,190.0,0.11215500000980683,True,8,228.71599261297027,33.1,,r110,Solomon-100,100,230,4
GRASP,281.0,11.193431399995461,True,11,227.61152049872595,1.06,,r110,Solomon-100,100,230,1
Tabu,281.0,1.182351600000402,True,11,227.61152049872595,1.06,,r110,Solomon-100,100,230,0
GRASP,281.0,11.085653000016464,True,12,226.6236586400659,1.06,,r110,Solomon-100,100,230,3
Tabu,281.0,1.1607162000145763,True,11,227.61152049872595,1.06,,r110,Solomon-100,100,230,1
Tabu,281.0,1.2017608999740332,True,11,227.61152049872595,1.06,,r110,Solomon-100,100,230,2
Tabu,238.0,1.123089600005187,True,11,225.9852660278552,16.2,,r110,Solomon-100,100,230,3
Tabu,281.0,1.1913800000038464,True,11,227.86297124941217,1.06,,r110,Solomon-100,100,230,4
Genetic-Score,134.0,26.824360800004797,True,8,229.9912385213145,51.62,,r109,Solomon-100,100,230,0
GRASP,264.0,10.270115499995882,True,12,228.51112231643788,7.04,,r110,Solomon-100,100,230,4
Genetic-Tailored,260.0,10.158899099973496,True,10,228.76313271406937,8.45,,r110,Solomon-100,100,230,1
Genetic-Score,141.0,26.148010600009002,True,9,229.47351411849115,49.1,,r109,Solomon-100,100,230,4
Genetic-Score,203.0,55.253857000003336,True,11,228.97532108050828,30.95,,r108,Solomon-100,100,230,4
Genetic-Tailored,269.0,12.078255200001877,True,11,228.46707176764613,5.28,,r110,Solomon-100,100,230,0
Genetic-Score,111.0,30.696480800019344,True,7,229.87493905306476,59.93,,r109,Solomon-100,100,230,3
Genetic-Tailored,282.0,12.222021299996413,True,12,226.50601715101044,0.7,,r110,Solomon-100,100,230,3
Greedy-Score,182.0,0.013083300000289455,True,6,225.74070349739046,38.72,,r111,Solomon-100,100,230,0
Greedy-Ratio,128.0,0.008264200005214661,True,7,207.29986607213576,56.9,,r111,Solomon-100,100,230,0
Genetic-Tailored,266.0,8.711306600016542,True,10,228.1243203081168,6.34,,r110,Solomon-100,100,230,4
Genetic-Score,203.0,39.620627000025706,True,10,229.26986444777125,26.71,,r109,Solomon-100,100,230,1
Genetic-Score,148.0,70.51208990000305,True,10,229.61014277544996,49.66,,r108,Solomon-100,100,230,0
Genetic-Score,126.0,43.61194150001393,True,8,229.63746298320913,54.51,,r109,Solomon-100,100,230,2
Genetic-Tailored,273.0,24.73192759999074,True,11,225.26306675883922,3.87,,r110,Solomon-100,100,230,2
SA-Boltzmann,182.0,0.11916639999253675,True,6,225.74070349739046,38.72,,r111,Solomon-100,100,230,0
Genetic-Score,180.0,70.16449709999142,True,10,229.930437945676,38.78,,r108,Solomon-100,100,230,3
SA-Boltzmann,182.0,0.11298170001828112,True,6,225.74070349739046,38.72,,r111,Solomon-100,100,230,1
SA-Boltzmann,182.0,0.11652289997437038,True,6,225.74070349739046,38.72,,r111,Solomon-100,100,230,2
SA-Boltzmann,182.0,0.1260533999884501,True,6,225.74070349739046,38.72,,r111,Solomon-100,100,230,3
SA-Boltzmann,206.0,0.12693560001207516,True,10,227.4460507285673,30.64,,r111,Solomon-100,100,230,4
SA-Cauchy,205.0,0.11146280000684783,True,8,227.70971642121677,30.98,,r111,Solomon-100,100,230,0
SA-Cauchy,213.0,0.09359840000979602,True,10,227.6939004646698,28.28,,r111,Solomon-100,100,230,1
SA-Cauchy,188.0,0.12023020000196993,True,7,223.98635130613712,36.7,,r111,Solomon-100,100,230,2
SA-Cauchy,188.0,0.1170006999745965,True,8,228.05136531810413,36.7,,r111,Solomon-100,100,230,3
SA-Cauchy,199.0,0.10479330000816844,True,7,226.64004885078356,33.0,,r111,Solomon-100,100,230,4
Tabu,276.0,1.2277551000006497,True,11,228.78296924652435,7.07,,r111,Solomon-100,100,230,0
Tabu,295.0,1.2244550000177696,True,11,228.3217147317971,0.67,,r111,Solomon-100,100,230,1
GRASP,269.0,13.32846520000021,True,9,227.9808772201124,9.43,,r111,Solomon-100,100,230,0
GRASP,280.0,12.53631039999891,True,12,229.74765579335684,5.72,,r111,Solomon-100,100,230,2
GRASP,281.0,12.804329600010533,True,10,226.12920857102182,5.39,,r111,Solomon-100,100,230,1
Tabu,292.0,1.255400299996836,True,12,227.64715062302645,1.68,,r111,Solomon-100,100,230,2
Tabu,297.0,1.2722462000092492,True,12,228.34515207238002,0.0,,r111,Solomon-100,100,230,3
Tabu,293.0,1.3605863000266254,True,13,228.5475521311223,1.35,,r111,Solomon-100,100,230,4
GRASP,279.0,13.860321299987845,True,11,220.55154458116147,6.06,,r111,Solomon-100,100,230,3
Genetic-Tailored,281.0,9.62145249999594,True,10,222.55235397994824,5.39,,r111,Solomon-100,100,230,0
GRASP,283.0,12.954744999995455,True,11,228.88003932633563,4.71,,r111,Solomon-100,100,230,4
Genetic-Tailored,295.0,10.91616459999932,True,11,228.3217147317971,0.67,,r111,Solomon-100,100,230,1
Genetic-Score,127.0,29.680276200000662,True,8,229.40371957409815,55.28,,r110,Solomon-100,100,230,1
Genetic-Tailored,283.0,12.057800400012638,True,11,225.6148084414506,4.71,,r111,Solomon-100,100,230,2
Greedy-Score,144.0,0.007052000000840053,True,4,220.3370453846335,51.68,,r112,Solomon-100,100,230,0
Greedy-Ratio,201.0,0.01020829999470152,True,10,223.63108533375055,32.55,,r112,Solomon-100,100,230,0
Genetic-Tailored,292.0,12.572818600019673,True,12,228.936094415435,1.68,,r111,Solomon-100,100,230,4
Genetic-Score,105.0,32.25401089998195,True,7,229.6593057667516,63.03,,r110,Solomon-100,100,230,2
Genetic-Tailored,285.0,16.1095736999996,True,10,229.23098262114166,4.04,,r111,Solomon-100,100,230,3
Genetic-Score,155.0,36.93221669999184,True,9,229.72734820823055,45.42,,r110,Solomon-100,100,230,4
GRASP,285.0,13.417277300002752,True,11,224.18166304454638,4.36,,r112,Solomon-100,100,230,0
SA-Boltzmann,153.0,0.10692789999302477,True,7,229.17430878683797,48.66,,r112,Solomon-100,100,230,0
SA-Boltzmann,205.0,0.18023749999701977,True,10,226.55893896191054,31.21,,r112,Solomon-100,100,230,1
SA-Boltzmann,205.0,0.11077220001607202,True,9,229.32574433113626,31.21,,r112,Solomon-100,100,230,2
SA-Boltzmann,144.0,0.09801539999898523,True,4,220.3370453846335,51.68,,r112,Solomon-100,100,230,3
SA-Boltzmann,144.0,0.1119814999983646,True,4,220.3370453846335,51.68,,r112,Solomon-100,100,230,4
SA-Cauchy,181.0,0.11573020002106205,True,6,224.99389963412588,39.26,,r112,Solomon-100,100,230,0
SA-Cauchy,147.0,0.09679310000501573,True,7,227.70029538379532,50.67,,r112,Solomon-100,100,230,1
SA-Cauchy,203.0,0.12784020000253804,True,9,222.17758473144022,31.88,,r112,Solomon-100,100,230,2
SA-Cauchy,180.0,0.12411130001419224,True,6,229.96370897468628,39.6,,r112,Solomon-100,100,230,3
SA-Cauchy,177.0,0.1110002999776043,True,8,229.80557300241378,40.6,,r112,Solomon-100,100,230,4
Tabu,285.0,1.2417448000051081,True,12,228.52903093310394,4.36,,r112,Solomon-100,100,230,0
GRASP,292.0,14.145267700019758,True,12,221.61588953356522,2.01,,r112,Solomon-100,100,230,2
GRASP,290.0,15.801198100001784,True,11,228.34288788807405,2.68,,r112,Solomon-100,100,230,1
Tabu,290.0,1.3095453999994788,True,11,228.34288788807405,2.68,,r112,Solomon-100,100,230,1
Tabu,266.0,1.1123390000138897,True,11,223.22192141333738,10.74,,r112,Solomon-100,100,230,2
Tabu,281.0,1.2964778000023216,True,11,228.21947962495682,5.7,,r112,Solomon-100,100,230,3
GRASP,287.0,13.813464000006206,True,11,226.3175893334106,3.69,,r112,Solomon-100,100,230,3
Tabu,290.0,1.3437703999807127,True,12,227.10511313791633,2.68,,r112,Solomon-100,100,230,4
Genetic-Score,139.0,48.75473270000657,True,9,229.76445691493305,51.06,,r110,Solomon-100,100,230,3
GRASP,298.0,16.312019699980738,True,12,228.229971486493,0.0,,r112,Solomon-100,100,230,4
Genetic-Tailored,277.0,11.850501099979738,True,12,226.18290109416859,7.05,,r112,Solomon-100,100,230,2
Genetic-Tailored,288.0,10.006489999999758,True,12,227.8992901050366,3.36,,r112,Solomon-100,100,230,4
Genetic-Score,172.0,32.86539609997999,True,10,229.9717224075792,42.09,,r111,Solomon-100,100,230,2
Genetic-Tailored,288.0,12.735287299990887,True,12,227.00677576510873,3.36,,r112,Solomon-100,100,230,0
Genetic-Score,132.0,60.40804750000825,True,9,229.91558815192275,53.52,,r110,Solomon-100,100,230,0
Greedy-Score,129.0,0.010777800023788586,True,4,226.03992854443476,41.1,,rc101,Solomon-100,100,240,0
Greedy-Ratio,88.0,0.011477199994260445,True,5,223.7075200166709,59.82,,rc101,Solomon-100,100,240,0
GRASP,209.0,6.151469000003999,True,8,239.61473135412592,4.57,,rc101,Solomon-100,100,240,0
Genetic-Score,184.0,38.187248400005046,True,10,229.76684443420464,38.05,,r111,Solomon-100,100,230,4
Genetic-Score,184.0,44.24339349998627,True,9,229.68013404898875,38.05,,r111,Solomon-100,100,230,1
GRASP,209.0,5.861142999987351,True,8,239.61473135412592,4.57,,rc101,Solomon-100,100,240,1
Genetic-Tailored,288.0,26.157998100010445,True,12,227.82093740946937,3.36,,r112,Solomon-100,100,230,1
SA-Boltzmann,199.0,0.11423380000633188,True,9,236.95478811972964,9.13,,rc101,Solomon-100,100,240,0
GRASP,206.0,6.351080299995374,True,8,239.61473135412592,5.94,,rc101,Solomon-100,100,240,2
SA-Boltzmann,129.0,0.10927499999525025,True,4,226.03992854443476,41.1,,rc101,Solomon-100,100,240,1
SA-Boltzmann,151.0,0.11831330001587048,True,9,223.17748169420986,31.05,,rc101,Solomon-100,100,240,2
SA-Boltzmann,129.0,0.12731030001305044,True,4,226.03992854443476,41.1,,rc101,Solomon-100,100,240,3
Genetic-Tailored,282.0,25.957362200017087,True,12,223.6868147400391,5.37,,r112,Solomon-100,100,230,3
SA-Boltzmann,153.0,0.10958469999604858,True,8,236.97133141913423,30.14,,rc101,Solomon-100,100,240,4
SA-Cauchy,129.0,0.12000399999669753,True,4,226.03992854443476,41.1,,rc101,Solomon-100,100,240,0
SA-Cauchy,129.0,0.10776199999963865,True,4,226.03992854443476,41.1,,rc101,Solomon-100,100,240,1
SA-Cauchy,129.0,0.13015020001330413,True,4,226.03992854443476,41.1,,rc101,Solomon-100,100,240,2
SA-Cauchy,148.0,0.12824779999209568,True,6,238.67693471409257,32.42,,rc101,Solomon-100,100,240,3
SA-Cauchy,153.0,0.13518359998124652,True,8,225.32601721299756,30.14,,rc101,Solomon-100,100,240,4
Tabu,208.0,0.9294856999767944,True,10,214.50269336334287,5.02,,rc101,Solomon-100,100,240,0
Tabu,216.0,0.9076484000252094,True,9,228.65640785029262,1.37,,rc101,Solomon-100,100,240,1
Tabu,203.0,0.9797541000007186,True,8,222.03652936312866,7.31,,rc101,Solomon-100,100,240,2
Tabu,216.0,0.9009541999839712,True,9,228.65640785029262,1.37,,rc101,Solomon-100,100,240,4
Tabu,203.0,0.9558561999874655,True,8,222.03652936312866,7.31,,rc101,Solomon-100,100,240,3
GRASP,209.0,6.202881599980174,True,8,239.61473135412592,4.57,,rc101,Solomon-100,100,240,3
GRASP,209.0,6.189801200001966,True,8,239.61473135412592,4.57,,rc101,Solomon-100,100,240,4
Genetic-Score,180.0,55.58133340001223,True,10,229.37406950493994,39.39,,r111,Solomon-100,100,230,3
Genetic-Tailored,195.0,7.25632190000033,True,7,229.7036726124781,10.96,,rc101,Solomon-100,100,240,2
Genetic-Tailored,219.0,8.583064000005834,True,9,235.2511640678318,0.0,,rc101,Solomon-100,100,240,0
Genetic-Tailored,219.0,7.918187400005991,True,9,235.2511640678318,0.0,,rc101,Solomon-100,100,240,1
Genetic-Tailored,219.0,7.358873499993933,True,9,235.2511640678318,0.0,,rc101,Solomon-100,100,240,3
Genetic-Tailored,206.0,6.876612000021851,True,9,236.09716667541107,5.94,,rc101,Solomon-100,100,240,4
Greedy-Score,140.0,0.008378200000151992,True,4,237.777970439246,47.37,,rc102,Solomon-100,100,240,0
Greedy-Ratio,88.0,0.010114499978953972,True,5,223.7075200166709,66.92,,rc102,Solomon-100,100,240,0
Genetic-Score,182.0,63.26351699998486,True,10,229.55693448403315,38.72,,r111,Solomon-100,100,230,0
GRASP,266.0,6.607110399985686,True,10,239.09748777388612,0.0,,rc102,Solomon-100,100,240,0
GRASP,266.0,7.24878299998818,True,10,239.09748777388612,0.0,,rc102,Solomon-100,100,240,1
GRASP,266.0,6.8631629000010435,True,10,239.09748777388612,0.0,,rc102,Solomon-100,100,240,2
Genetic-Score,209.0,41.1152635999897,True,10,229.967844183097,29.87,,r112,Solomon-100,100,230,1
SA-Boltzmann,140.0,0.08995409999624826,True,4,237.777970439246,47.37,,rc102,Solomon-100,100,240,0
SA-Boltzmann,149.0,0.09787749999668449,True,8,237.5093277686783,43.98,,rc102,Solomon-100,100,240,1
SA-Boltzmann,140.0,0.08955139998579398,True,4,237.777970439246,47.37,,rc102,Solomon-100,100,240,2
SA-Boltzmann,140.0,0.08059990001493134,True,4,237.777970439246,47.37,,rc102,Solomon-100,100,240,3
SA-Boltzmann,140.0,0.09693479997804388,True,4,237.777970439246,47.37,,rc102,Solomon-100,100,240,4
SA-Cauchy,143.0,0.11786909998045303,True,5,237.777970439246,46.24,,rc102,Solomon-100,100,240,0
SA-Cauchy,154.0,0.09010030000354163,True,5,238.3778074022953,42.11,,rc102,Solomon-100,100,240,1
SA-Cauchy,169.0,0.09822850002092309,True,6,237.19336411161902,36.47,,rc102,Solomon-100,100,240,2
SA-Cauchy,162.0,0.11842320000869222,True,6,237.48716876757828,39.1,,rc102,Solomon-100,100,240,3
SA-Cauchy,140.0,0.12548170000081882,True,4,237.777970439246,47.37,,rc102,Solomon-100,100,240,4
GRASP,266.0,7.644634900003439,True,10,239.09748777388612,0.0,,rc102,Solomon-100,100,240,3
Tabu,244.0,1.0456957000133116,True,11,233.1916594473749,8.27,,rc102,Solomon-100,100,240,0
Tabu,255.0,1.0135196999763139,True,11,239.5148449685017,4.14,,rc102,Solomon-100,100,240,1
Tabu,244.0,1.053694500005804,True,10,238.34729920231348,8.27,,rc102,Solomon-100,100,240,2
Tabu,244.0,1.0130894999892917,True,11,237.64263231362543,8.27,,rc102,Solomon-100,100,240,3
Genetic-Score,125.0,21.175992700009374,True,6,239.49752372331943,42.92,,rc101,Solomon-100,100,240,0
Tabu,244.0,1.0392819999833591,True,10,234.04550974977212,8.27,,rc102,Solomon-100,100,240,4
Genetic-Score,125.0,21.282827699993504,True,6,239.49752372331943,42.92,,rc101,Solomon-100,100,240,2
GRASP,236.0,6.64632659999188,True,8,239.58092483097596,11.28,,rc102,Solomon-100,100,240,4
Genetic-Score,121.0,21.75132609999855,True,6,238.78374420816513,44.75,,rc101,Solomon-100,100,240,3
Genetic-Score,125.0,23.538493500003824,True,6,239.49752372331943,42.92,,rc101,Solomon-100,100,240,4
Genetic-Score,172.0,25.884203900001012,True,7,239.35345673792995,21.46,,rc101,Solomon-100,100,240,1
Genetic-Tailored,259.0,8.893628199992236,True,9,234.73503338193387,2.63,,rc102,Solomon-100,100,240,2
Genetic-Tailored,266.0,8.889839999988908,True,10,239.09748777388612,0.0,,rc102,Solomon-100,100,240,3
Genetic-Tailored,258.0,9.871310199989239,True,11,237.18412516876816,3.01,,rc102,Solomon-100,100,240,1
Greedy-Score,155.0,0.007740800007013604,True,4,231.99239980869282,41.73,,rc103,Solomon-100,100,240,0
Greedy-Ratio,94.0,0.008926199981942773,True,5,226.5817179151109,64.66,,rc103,Solomon-100,100,240,0
Genetic-Tailored,253.0,10.674092500004917,True,10,238.44419072495202,4.89,,rc102,Solomon-100,100,240,0
Genetic-Tailored,266.0,10.754893800010905,True,10,239.09748777388612,0.0,,rc102,Solomon-100,100,240,4
GRASP,258.0,6.731141800002661,True,9,239.09748777388612,3.01,,rc103,Solomon-100,100,240,0
GRASP,260.0,6.639573399996152,True,10,235.97915603740907,2.26,,rc103,Solomon-100,100,240,1
GRASP,259.0,6.417439900018508,True,9,234.73503338193387,2.63,,rc103,Solomon-100,100,240,2
SA-Boltzmann,155.0,0.09868229998392053,True,4,231.99239980869282,41.73,,rc103,Solomon-100,100,240,0
SA-Boltzmann,155.0,0.10586749998037703,True,4,231.99239980869282,41.73,,rc103,Solomon-100,100,240,1
SA-Boltzmann,155.0,0.09574499999871477,True,4,231.99239980869282,41.73,,rc103,Solomon-100,100,240,2
SA-Boltzmann,155.0,0.08134659999632277,True,4,231.99239980869282,41.73,,rc103,Solomon-100,100,240,3
SA-Boltzmann,155.0,0.10320310000679456,True,4,231.99239980869282,41.73,,rc103,Solomon-100,100,240,4
SA-Cauchy,191.0,0.10990119999041781,True,6,236.6318001316837,28.2,,rc103,Solomon-100,100,240,0
SA-Cauchy,180.0,0.10693519999040291,True,9,237.53302791995034,32.33,,rc103,Solomon-100,100,240,1
SA-Cauchy,203.0,0.10581419998197816,True,8,237.55733784696164,23.68,,rc103,Solomon-100,100,240,2
SA-Cauchy,175.0,0.11651960000745021,True,7,229.13433767095034,34.21,,rc103,Solomon-100,100,240,3
SA-Cauchy,155.0,0.10124670001096092,True,4,231.99239980869282,41.73,,rc103,Solomon-100,100,240,4
Tabu,253.0,1.0610921000188682,True,11,238.42462520695756,4.89,,rc103,Solomon-100,100,240,0
Tabu,265.0,0.9994202999805566,True,10,239.34986857479936,0.38,,rc103,Solomon-100,100,240,1
Tabu,265.0,0.9638334999908693,True,11,235.74809978123247,0.38,,rc103,Solomon-100,100,240,2
Tabu,265.0,0.9795459999877494,True,10,239.34986857479936,0.38,,rc103,Solomon-100,100,240,3
GRASP,259.0,6.669835500011686,True,9,234.73503338193387,2.63,,rc103,Solomon-100,100,240,3
Tabu,249.0,1.0239429000066593,True,10,236.44284847442506,6.39,,rc103,Solomon-100,100,240,4
GRASP,259.0,8.217826999985846,True,9,234.73503338193387,2.63,,rc103,Solomon-100,100,240,4
Genetic-Score,110.0,23.89975479998975,True,7,239.71500225070983,58.65,,rc102,Solomon-100,100,240,2
Genetic-Score,222.0,73.73940420002327,True,11,229.9484509134657,25.5,,r112,Solomon-100,100,230,4
Genetic-Score,183.0,75.50542820000555,True,10,229.96134647303936,38.59,,r112,Solomon-100,100,230,2
Genetic-Tailored,249.0,8.476101999985985,True,10,234.80907809736917,6.39,,rc103,Solomon-100,100,240,0
Genetic-Tailored,258.0,7.863738300016848,True,9,239.09748777388612,3.01,,rc103,Solomon-100,100,240,2
Genetic-Score,117.0,25.48904329998186,True,8,239.58154723988557,56.02,,rc102,Solomon-100,100,240,3
Genetic-Score,96.0,35.46001640000031,True,7,239.34471589222508,63.91,,rc102,Solomon-100,100,240,0
Genetic-Tailored,251.0,8.426254200021503,True,9,237.89952023851828,5.64,,rc103,Solomon-100,100,240,3
Greedy-Score,155.0,0.007363399985479191,True,4,231.99239980869282,48.5,,rc104,Solomon-100,100,240,0
Greedy-Ratio,136.0,0.009801199979847297,True,6,238.0442002319833,54.82,,rc104,Solomon-100,100,240,0
Genetic-Tailored,263.0,13.302823500009254,True,11,239.30493885694653,1.13,,rc103,Solomon-100,100,240,1
Genetic-Tailored,258.0,10.997634500003187,True,10,237.4375193831769,3.01,,rc103,Solomon-100,100,240,4
Genetic-Score,168.0,31.996548299997812,True,8,239.34794094187814,36.84,,rc102,Solomon-100,100,240,4
Genetic-Score,159.0,92.78133820000221,True,10,229.83402080731773,46.64,,r112,Solomon-100,100,230,0
Genetic-Score,124.0,43.67328940000152,True,9,239.1372131206138,53.38,,rc102,Solomon-100,100,240,1
SA-Boltzmann,155.0,0.10509100000490434,True,4,231.99239980869282,48.5,,rc104,Solomon-100,100,240,0
SA-Boltzmann,159.0,0.11579199999687262,True,7,229.0515239901492,47.18,,rc104,Solomon-100,100,240,1
SA-Boltzmann,165.0,0.10304300001007505,True,5,234.0194630536991,45.18,,rc104,Solomon-100,100,240,2
SA-Boltzmann,201.0,0.11644220000016503,True,7,234.23361296354983,33.22,,rc104,Solomon-100,100,240,3
SA-Boltzmann,155.0,0.10698759998194873,True,4,231.99239980869282,48.5,,rc104,Solomon-100,100,240,4
SA-Cauchy,200.0,0.11656519997632131,True,8,231.2475873648093,33.55,,rc104,Solomon-100,100,240,0
SA-Cauchy,179.0,0.1075270000146702,True,9,238.43146511583478,40.53,,rc104,Solomon-100,100,240,1
SA-Cauchy,181.0,0.09779160001198761,True,7,230.9080158381788,39.87,,rc104,Solomon-100,100,240,2
SA-Cauchy,229.0,0.12267189999693073,True,8,238.54509741560886,23.92,,rc104,Solomon-100,100,240,3
SA-Cauchy,191.0,0.11764159999438561,True,6,234.97602095560404,36.54,,rc104,Solomon-100,100,240,4
GRASP,263.0,11.03308960000868,True,11,232.28429152933074,12.62,,rc104,Solomon-100,100,240,1
GRASP,269.0,11.28491099999519,True,11,234.20815129914996,10.63,,rc104,Solomon-100,100,240,0
Tabu,282.0,1.2615335999871604,True,12,236.6695817281166,6.31,,rc104,Solomon-100,100,240,0
Tabu,278.0,1.0467781999905128,True,10,238.84736220192715,7.64,,rc104,Solomon-100,100,240,1
Tabu,273.0,1.078336099977605,True,10,238.52441348134934,9.3,,rc104,Solomon-100,100,240,2
Tabu,246.0,1.060099700000137,True,8,234.82041546193093,18.27,,rc104,Solomon-100,100,240,3
GRASP,280.0,10.011576299992157,True,10,239.30321832134345,6.98,,rc104,Solomon-100,100,240,2
Tabu,301.0,1.0818043999897782,True,11,239.95900153893848,0.0,,rc104,Solomon-100,100,240,4
GRASP,269.0,9.69675949998782,True,11,234.20815129914996,10.63,,rc104,Solomon-100,100,240,4
GRASP,282.0,11.384676199988462,True,12,236.6695817281166,6.31,,rc104,Solomon-100,100,240,3
Genetic-Score,214.0,98.08589409998967,True,11,229.95587617419062,28.19,,r112,Solomon-100,100,230,3
Genetic-Tailored,301.0,9.56027760001598,True,11,237.72449441865797,0.0,,rc104,Solomon-100,100,240,0
Genetic-Tailored,268.0,9.69143940001959,True,10,238.72591363693596,10.96,,rc104,Solomon-100,100,240,2
Genetic-Tailored,277.0,9.247784000006504,True,10,233.72976103594442,7.97,,rc104,Solomon-100,100,240,4
Genetic-Tailored,258.0,15.118473200011067,True,10,237.12004113035331,14.29,,rc104,Solomon-100,100,240,3
Greedy-Score,106.0,0.008529200014891103,True,3,230.1246334094433,56.56,,rc105,Solomon-100,100,240,0
Greedy-Ratio,111.0,0.008767699997406453,True,5,232.52417469626002,54.51,,rc105,Solomon-100,100,240,0
Genetic-Score,163.0,37.74420749998535,True,9,239.82465669021963,38.72,,rc103,Solomon-100,100,240,0
Genetic-Tailored,268.0,18.364641799998935,True,11,237.4264268344293,10.96,,rc104,Solomon-100,100,240,1
Genetic-Score,132.0,34.35635300001013,True,8,239.94706097633372,50.38,,rc103,Solomon-100,100,240,4
GRASP,239.0,7.226013699983014,True,9,236.44416953372948,2.05,,rc105,Solomon-100,100,240,0
GRASP,239.0,5.956639300013194,True,9,236.44416953372948,2.05,,rc105,Solomon-100,100,240,1
GRASP,239.0,6.013290599978063,True,9,236.44416953372948,2.05,,rc105,Solomon-100,100,240,2
SA-Boltzmann,106.0,0.10239620000356808,True,3,230.1246334094433,56.56,,rc105,Solomon-100,100,240,0
SA-Boltzmann,106.0,0.10335749998921528,True,3,230.1246334094433,56.56,,rc105,Solomon-100,100,240,1
SA-Boltzmann,106.0,0.09772650001104921,True,3,230.1246334094433,56.56,,rc105,Solomon-100,100,240,2
SA-Boltzmann,106.0,0.11392120001255535,True,3,230.1246334094433,56.56,,rc105,Solomon-100,100,240,3
SA-Boltzmann,130.0,0.10317650000797585,True,7,225.0039960756505,46.72,,rc105,Solomon-100,100,240,4
SA-Cauchy,183.0,0.13568119998672046,True,8,217.6909973113344,25.0,,rc105,Solomon-100,100,240,0
SA-Cauchy,156.0,0.11657429998740554,True,8,230.7534011309508,36.07,,rc105,Solomon-100,100,240,1
SA-Cauchy,156.0,0.1244664000114426,True,7,235.0000515064768,36.07,,rc105,Solomon-100,100,240,2
SA-Cauchy,170.0,0.11927480000304058,True,6,231.1404912209103,30.33,,rc105,Solomon-100,100,240,3
SA-Cauchy,164.0,0.12333510001190007,True,7,233.42176439921946,32.79,,rc105,Solomon-100,100,240,4
Tabu,237.0,0.9952995000057854,True,10,232.12502756875944,2.87,,rc105,Solomon-100,100,240,0
Tabu,216.0,0.9845213999797124,True,11,234.92371793061284,11.48,,rc105,Solomon-100,100,240,1
Tabu,237.0,1.0364047000184655,True,10,232.12502756875944,2.87,,rc105,Solomon-100,100,240,2
Tabu,241.0,1.0480415000056382,True,11,237.43442516541734,1.23,,rc105,Solomon-100,100,240,3
GRASP,239.0,6.949709200009238,True,9,236.44416953372948,2.05,,rc105,Solomon-100,100,240,3
Tabu,189.0,0.9339438999886625,True,9,231.5711509004442,22.54,,rc105,Solomon-100,100,240,4
GRASP,239.0,7.271889199997531,True,9,236.44416953372948,2.05,,rc105,Solomon-100,100,240,4
Genetic-Tailored,231.0,7.233416900009615,True,9,236.68502161428972,5.33,,rc105,Solomon-100,100,240,2
Genetic-Score,141.0,52.583884699997725,True,8,239.5384958223085,46.99,,rc103,Solomon-100,100,240,2
Genetic-Tailored,235.0,7.309381200000644,True,10,235.02369482629172,3.69,,rc105,Solomon-100,100,240,3
Genetic-Tailored,237.0,11.899902200006181,True,11,238.2471568296242,2.87,,rc105,Solomon-100,100,240,0
Genetic-Tailored,239.0,13.578718800010392,True,9,236.44416953372948,2.05,,rc105,Solomon-100,100,240,1
Genetic-Score,157.0,59.92006350000156,True,10,239.11104074264446,40.98,,rc103,Solomon-100,100,240,1
Genetic-Score,100.0,58.64607399998931,True,8,239.72555986647546,62.41,,rc103,Solomon-100,100,240,3
Greedy-Score,168.0,0.012743799976306036,True,5,238.30700451894728,33.33,,rc106,Solomon-100,100,240,0
Greedy-Ratio,128.0,0.014438800018979236,True,6,234.86584566533602,49.21,,rc106,Solomon-100,100,240,0
Genetic-Tailored,239.0,8.144337599980645,True,9,236.44416953372948,2.05,,rc105,Solomon-100,100,240,4
GRASP,227.0,4.405042899976252,True,8,238.15615002960442,9.92,,rc106,Solomon-100,100,240,0
Genetic-Score,160.0,37.882168899988756,True,8,239.86239078307685,46.84,,rc104,Solomon-100,100,240,3
GRASP,227.0,5.5886155999905895,True,8,238.15615002960442,9.92,,rc106,Solomon-100,100,240,1
GRASP,221.0,5.322868799994467,True,8,229.8241590621505,12.3,,rc106,Solomon-100,100,240,2
SA-Boltzmann,168.0,0.11895149998599663,True,5,238.30700451894728,33.33,,rc106,Solomon-100,100,240,0
GRASP,207.0,5.288696700008586,True,8,227.04452300662956,17.86,,rc106,Solomon-100,100,240,3
SA-Boltzmann,168.0,0.11353989999042824,True,5,238.30700451894728,33.33,,rc106,Solomon-100,100,240,1
SA-Boltzmann,168.0,0.12113799998769537,True,5,238.30700451894728,33.33,,rc106,Solomon-100,100,240,2
SA-Boltzmann,168.0,0.10293670001556166,True,5,238.30700451894728,33.33,,rc106,Solomon-100,100,240,3
SA-Boltzmann,168.0,0.11379089998081326,True,5,238.30700451894728,33.33,,rc106,Solomon-100,100,240,4
GRASP,220.0,4.377248899982078,True,8,237.16158887145383,12.7,,rc106,Solomon-100,100,240,4
SA-Cauchy,178.0,0.12172309999004938,True,7,236.24282212744816,29.37,,rc106,Solomon-100,100,240,0
SA-Cauchy,176.0,0.13457369999377988,True,7,226.11243386587415,30.16,,rc106,Solomon-100,100,240,1
SA-Cauchy,168.0,0.09289480000734329,True,5,238.30700451894728,33.33,,rc106,Solomon-100,100,240,3
SA-Cauchy,168.0,0.11849439999787137,True,5,238.30700451894728,33.33,,rc106,Solomon-100,100,240,2
SA-Cauchy,171.0,0.11288679999415763,True,5,221.17273969619174,32.14,,rc106,Solomon-100,100,240,4
Tabu,231.0,1.055365400010487,True,11,224.50370334927828,8.33,,rc106,Solomon-100,100,240,0
Tabu,232.0,1.0457847000216134,True,12,229.867458680506,7.94,,rc106,Solomon-100,100,240,1
Tabu,244.0,1.0363742000190541,True,9,238.47705468258783,3.17,,rc106,Solomon-100,100,240,2
Tabu,233.0,0.9412754000222776,True,9,237.54762130747017,7.54,,rc106,Solomon-100,100,240,4
Tabu,229.0,0.9953885999857448,True,10,237.3034648396932,9.13,,rc106,Solomon-100,100,240,3
Genetic-Score,173.0,53.729561999993166,True,10,239.2177348583408,42.52,,rc104,Solomon-100,100,240,0
Genetic-Score,162.0,53.42765659998986,True,9,239.81064573203335,46.18,,rc104,Solomon-100,100,240,1
Genetic-Score,96.0,21.89237129999674,True,6,239.4310849636197,60.66,,rc105,Solomon-100,100,240,1
Genetic-Score,137.0,50.76681569998618,True,9,239.9857128242562,54.49,,rc104,Solomon-100,100,240,2
Genetic-Tailored,245.0,7.472868199984077,True,10,232.5929937000334,2.78,,rc106,Solomon-100,100,240,0
Genetic-Tailored,249.0,6.8848588000109885,True,10,238.19291775911117,1.19,,rc106,Solomon-100,100,240,4
Genetic-Tailored,250.0,8.498941300000297,True,10,239.153192091955,0.79,,rc106,Solomon-100,100,240,3
Genetic-Tailored,250.0,11.368567299999995,True,10,239.153192091955,0.79,,rc106,Solomon-100,100,240,2
Greedy-Score,163.0,0.014098500018008053,True,5,239.15967078308313,41.16,,rc107,Solomon-100,100,240,0
Greedy-Ratio,176.0,0.012325599993346259,True,8,230.88241674779707,36.46,,rc107,Solomon-100,100,240,0
Genetic-Tailored,225.0,11.812380799994571,True,10,225.97572914745462,10.71,,rc106,Solomon-100,100,240,1
Genetic-Score,147.0,33.46115009998903,True,8,239.2157041925538,39.75,,rc105,Solomon-100,100,240,0
Genetic-Score,127.0,32.787607000005664,True,7,239.6155372672793,47.95,,rc105,Solomon-100,100,240,3
GRASP,268.0,7.769002399989404,True,10,229.3488923351266,3.25,,rc107,Solomon-100,100,240,0
GRASP,266.0,7.596225899993442,True,9,237.539876117724,3.97,,rc107,Solomon-100,100,240,1
SA-Boltzmann,163.0,0.11302979997708462,True,5,239.15967078308313,41.16,,rc107,Solomon-100,100,240,0
SA-Boltzmann,195.0,0.1257785000198055,True,7,222.99141107617453,29.6,,rc107,Solomon-100,100,240,1
SA-Boltzmann,163.0,0.11084999999729916,True,5,239.15967078308313,41.16,,rc107,Solomon-100,100,240,2
SA-Boltzmann,163.0,0.11278419999871403,True,5,239.15967078308313,41.16,,rc107,Solomon-100,100,240,3
SA-Boltzmann,163.0,0.09490919997915626,True,5,239.15967078308313,41.16,,rc107,Solomon-100,100,240,4
SA-Cauchy,180.0,0.12263060000259429,True,7,234.4279000393089,35.02,,rc107,Solomon-100,100,240,0
SA-Cauchy,224.0,0.11297779998858459,True,8,228.95708747257805,19.13,,rc107,Solomon-100,100,240,1
SA-Cauchy,187.0,0.12234030000399798,True,7,238.4433810158799,32.49,,rc107,Solomon-100,100,240,2
SA-Cauchy,201.0,0.128026399994269,True,6,234.61662948679043,27.44,,rc107,Solomon-100,100,240,3
SA-Cauchy,207.0,0.13377369998488575,True,6,235.30125355442738,25.27,,rc107,Solomon-100,100,240,4
Tabu,251.0,1.1010058000101708,True,9,236.03158260815997,9.39,,rc107,Solomon-100,100,240,0
GRASP,266.0,8.454885800019838,True,9,237.539876117724,3.97,,rc107,Solomon-100,100,240,2
Genetic-Score,155.0,66.49702860001707,True,10,239.88459689367474,48.5,,rc104,Solomon-100,100,240,4
Tabu,267.0,1.2148530000122264,True,12,235.12542802271616,3.61,,rc107,Solomon-100,100,240,1
Genetic-Score,126.0,16.31896149998647,True,6,239.6110420340959,50.0,,rc106,Solomon-100,100,240,2
Tabu,260.0,1.0581342999939807,True,9,236.82303558445955,6.14,,rc107,Solomon-100,100,240,2
Tabu,252.0,1.007426199998008,True,8,228.70127320738476,9.03,,rc107,Solomon-100,100,240,3
Tabu,276.0,1.0939954000059515,True,10,235.81560729590467,0.36,,rc107,Solomon-100,100,240,4
Genetic-Score,155.0,20.227257999998983,True,6,239.40059528091606,38.49,,rc106,Solomon-100,100,240,1
GRASP,266.0,7.746291599993128,True,9,237.539876117724,3.97,,rc107,Solomon-100,100,240,4
GRASP,266.0,8.464526900002966,True,9,237.539876117724,3.97,,rc107,Solomon-100,100,240,3
Genetic-Score,79.0,23.951974399999017,True,7,239.41277286914098,68.65,,rc106,Solomon-100,100,240,0
Genetic-Score,139.0,44.708820200001355,True,7,239.42455211692112,43.03,,rc105,Solomon-100,100,240,4
Genetic-Tailored,277.0,8.69042709999485,True,10,237.8419908346868,0.0,,rc107,Solomon-100,100,240,1
Genetic-Score,92.0,23.324337800004287,True,7,239.3366157151409,63.49,,rc106,Solomon-100,100,240,4
Greedy-Score,163.0,0.013795999984722584,True,5,239.15967078308313,45.3,,rc108,Solomon-100,100,240,0
Greedy-Ratio,175.0,0.008361599990166724,True,7,229.7911979545381,41.28,,rc108,Solomon-100,100,240,0
Genetic-Tailored,269.0,10.582839500013506,True,10,234.07046475250672,2.89,,rc107,Solomon-100,100,240,0
Genetic-Tailored,266.0,9.654636799998116,True,9,237.539876117724,3.97,,rc107,Solomon-100,100,240,2
Genetic-Tailored,251.0,9.177090499986662,True,8,238.7332837401972,9.39,,rc107,Solomon-100,100,240,4
Genetic-Score,149.0,53.09878450000542,True,7,238.98108130859305,38.93,,rc105,Solomon-100,100,240,2
Genetic-Tailored,268.0,12.860242399998242,True,10,228.839582073585,3.25,,rc107,Solomon-100,100,240,3
SA-Boltzmann,163.0,0.09474999998928979,True,5,239.15967078308313,45.3,,rc108,Solomon-100,100,240,0
SA-Boltzmann,163.0,0.09856860002037138,True,5,239.15967078308313,45.3,,rc108,Solomon-100,100,240,1
SA-Boltzmann,163.0,0.10924290001275949,True,5,239.15967078308313,45.3,,rc108,Solomon-100,100,240,2
SA-Boltzmann,173.0,0.10243389999959618,True,6,233.1275301433401,41.95,,rc108,Solomon-100,100,240,3
SA-Boltzmann,164.0,0.12065990001428872,True,8,233.23386895565648,44.97,,rc108,Solomon-100,100,240,4
SA-Cauchy,220.0,0.11091210000449792,True,7,236.2400694666646,26.17,,rc108,Solomon-100,100,240,0
SA-Cauchy,163.0,0.11701190000167117,True,5,239.15967078308313,45.3,,rc108,Solomon-100,100,240,1
SA-Cauchy,163.0,0.11220269999466836,True,5,239.15967078308313,45.3,,rc108,Solomon-100,100,240,2
SA-Cauchy,170.0,0.12652970000635833,True,5,238.53766199728005,42.95,,rc108,Solomon-100,100,240,3
Genetic-Score,105.0,29.620756399992388,True,6,239.56518471717462,58.33,,rc106,Solomon-100,100,240,3
SA-Cauchy,191.0,0.10564319998957217,True,6,238.16324489832635,35.91,,rc108,Solomon-100,100,240,4
Tabu,263.0,1.085619499994209,True,10,237.63933158340043,11.74,,rc108,Solomon-100,100,240,0
Tabu,255.0,0.9929655000159983,True,9,230.5705874468325,14.43,,rc108,Solomon-100,100,240,1
Tabu,268.0,1.1133763999969233,True,9,232.1394386428466,10.07,,rc108,Solomon-100,100,240,3
Tabu,268.0,1.147423999995226,True,9,232.1394386428466,10.07,,rc108,Solomon-100,100,240,2
Tabu,265.0,1.1294434999872465,True,12,239.32422613860973,11.07,,rc108,Solomon-100,100,240,4
GRASP,278.0,7.738285699975677,True,10,232.41641208806823,6.71,,rc108,Solomon-100,100,240,2
GRASP,277.0,7.621454799984349,True,11,238.72846410485954,7.05,,rc108,Solomon-100,100,240,3
GRASP,278.0,9.187329000007594,True,10,232.41641208806823,6.71,,rc108,Solomon-100,100,240,0
GRASP,278.0,8.710163300012937,True,10,232.41641208806823,6.71,,rc108,Solomon-100,100,240,1
GRASP,266.0,8.192283100011991,True,9,237.48137260806797,10.74,,rc108,Solomon-100,100,240,4
Genetic-Tailored,240.0,7.737306999973953,True,8,235.7163899670413,19.46,,rc108,Solomon-100,100,240,0
Genetic-Tailored,261.0,7.448260900011519,True,9,232.1776485712743,12.42,,rc108,Solomon-100,100,240,4
Genetic-Tailored,288.0,9.578218500013463,True,11,232.55863521726957,3.36,,rc108,Solomon-100,100,240,2
Genetic-Tailored,286.0,11.378715300001204,True,12,239.0308934984069,4.03,,rc108,Solomon-100,100,240,1
Genetic-Tailored,288.0,18.96428340001148,True,11,232.55863521726957,3.36,,rc108,Solomon-100,100,240,3
Genetic-Score,201.0,33.72580280000693,True,8,239.36072233550917,27.44,,rc107,Solomon-100,100,240,4
Genetic-Score,128.0,42.16214880000916,True,8,239.37446530292945,53.79,,rc107,Solomon-100,100,240,0
Genetic-Score,170.0,41.91100240001106,True,7,239.45070166408235,38.63,,rc107,Solomon-100,100,240,2
Genetic-Score,157.0,47.349602900008904,True,9,239.34592610877903,43.32,,rc107,Solomon-100,100,240,3
Genetic-Score,161.0,29.739879000000656,True,10,238.82357378035357,45.97,,rc108,Solomon-100,100,240,4
Genetic-Score,176.0,31.01820019999286,True,9,239.31916627609206,40.94,,rc108,Solomon-100,100,240,3
Genetic-Score,164.0,53.50934920000145,True,9,239.2920669919629,40.79,,rc107,Solomon-100,100,240,1
Genetic-Score,176.0,39.81736109999474,True,10,239.56932061663923,40.94,,rc108,Solomon-100,100,240,0
Genetic-Score,133.0,44.93568879997474,True,9,239.83365180854403,55.37,,rc108,Solomon-100,100,240,1
Genetic-Score,229.0,50.73156299997936,True,10,239.14801600977785,23.15,,rc108,Solomon-100,100,240,2
